-- MySQL dump 10.13  Distrib 8.0.19, for Linux (x86_64)
--
-- Host: localhost    Database: example
-- ------------------------------------------------------
-- Server version	8.0.19

/*!40101 SET @OLD_CHARACTER_SET_CLIENT=@@CHARACTER_SET_CLIENT */;
/*!40101 SET @OLD_CHARACTER_SET_RESULTS=@@CHARACTER_SET_RESULTS */;
/*!40101 SET @OLD_COLLATION_CONNECTION=@@COLLATION_CONNECTION */;
/*!50503 SET NAMES utf8mb4 */;
/*!40103 SET @OLD_TIME_ZONE=@@TIME_ZONE */;
/*!40103 SET TIME_ZONE='+00:00' */;
/*!40014 SET @OLD_UNIQUE_CHECKS=@@UNIQUE_CHECKS, UNIQUE_CHECKS=0 */;
/*!40014 SET @OLD_FOREIGN_KEY_CHECKS=@@FOREIGN_KEY_CHECKS, FOREIGN_KEY_CHECKS=0 */;
/*!40101 SET @OLD_SQL_MODE=@@SQL_MODE, SQL_MODE='NO_AUTO_VALUE_ON_ZERO' */;
/*!40111 SET @OLD_SQL_NOTES=@@SQL_NOTES, SQL_NOTES=0 */;

--
-- Table structure for table `profiles`
--

DROP TABLE IF EXISTS `profiles`;
/*!40101 SET @saved_cs_client     = @@character_set_client */;
/*!50503 SET character_set_client = utf8mb4 */;
CREATE TABLE `profiles` (
  `user_id` int unsigned NOT NULL,
  `birthdate` date DEFAULT NULL,
  `age` int unsigned DEFAULT NULL,
  `age_2020` datetime DEFAULT NULL,
  `wd` varchar(100) DEFAULT NULL,
  `sex` char(1) CHARACTER SET utf8 COLLATE utf8_unicode_ci NOT NULL,
  `hometown` varchar(100) CHARACTER SET utf8 COLLATE utf8_unicode_ci DEFAULT NULL,
  `country` varchar(100) CHARACTER SET utf8 COLLATE utf8_unicode_ci DEFAULT NULL,
  `photo_id` int unsigned DEFAULT NULL,
  `created_at` datetime DEFAULT CURRENT_TIMESTAMP,
  `updated_at` datetime DEFAULT CURRENT_TIMESTAMP ON UPDATE CURRENT_TIMESTAMP
) ENGINE=InnoDB DEFAULT CHARSET=utf8mb4 COLLATE=utf8mb4_0900_ai_ci;
/*!40101 SET character_set_client = @saved_cs_client */;

--
-- Dumping data for table `profiles`
--

LOCK TABLES `profiles` WRITE;
/*!40000 ALTER TABLE `profiles` DISABLE KEYS */;
INSERT INTO `profiles` VALUES (67,'1981-01-21',39,'2020-01-21 00:00:00','Tuesday','f','Port Krista','Gabon',14,'1978-01-19 13:15:54','2020-02-12 14:16:08'),(90,'2009-09-27',10,'2020-09-27 00:00:00','Sunday','m','South Rick','Malaysia',36,'2005-01-01 12:59:05','2020-02-12 14:16:08'),(48,'1999-10-06',20,'2020-10-06 00:00:00','Tuesday','m','East Eulah','Micronesia',98,'1979-03-26 08:21:16','2020-02-12 14:16:08'),(69,'2001-11-15',18,'2020-11-15 00:00:00','Sunday','f','Kaleyhaven','Seychelles',79,'1971-07-15 19:11:11','2020-02-12 14:16:08'),(1,'2006-09-08',13,'2020-09-08 00:00:00','Tuesday','f','Darianside','Guinea-Bissau',85,'1974-05-19 15:49:24','2020-02-12 14:16:08'),(95,'2006-09-19',13,'2020-09-19 00:00:00','Saturday','f','Westberg','Timor-Leste',52,'1977-12-28 06:08:03','2020-02-12 14:16:08'),(75,'1994-05-06',25,'2020-05-06 00:00:00','Wednesday','m','North Lamontberg','Hong Kong',90,'1984-05-12 23:12:39','2020-02-12 14:16:08'),(89,'2013-01-04',7,'2020-01-04 00:00:00','Saturday','f','New Emmanuel','Zimbabwe',64,'1971-03-07 12:17:15','2020-02-12 14:16:08'),(17,'1989-07-15',30,'2020-07-15 00:00:00','Wednesday','f','Prosaccoton','Bermuda',65,'1982-10-01 20:45:05','2020-02-12 14:16:08'),(21,'1990-06-19',29,'2020-06-19 00:00:00','Friday','m','Svenmouth','Trinidad and Tobago',79,'1977-06-12 15:54:15','2020-02-12 14:16:08'),(51,'2007-01-24',13,'2020-01-24 00:00:00','Friday','m','Lake Granville','Uganda',10,'1981-08-20 17:20:57','2020-02-12 14:16:08'),(92,'1997-08-16',22,'2020-08-16 00:00:00','Sunday','f','Bayerville','Malaysia',31,'1999-02-02 07:37:25','2020-02-12 14:16:08'),(5,'2006-10-30',13,'2020-10-30 00:00:00','Friday','f','West Markusport','Guadeloupe',97,'1989-07-02 06:15:40','2020-02-12 14:16:08'),(48,'2019-12-28',0,'2020-12-28 00:00:00','Monday','m','South Beatriceburgh','Jersey',63,'1972-12-09 19:12:03','2020-02-12 14:16:08'),(26,'2014-02-07',6,'2020-02-07 00:00:00','Friday','f','Lake Cristobal','Honduras',62,'1991-12-31 22:16:13','2020-02-12 14:16:08'),(85,'1987-03-04',32,'2020-03-04 00:00:00','Wednesday','f','McClurestad','Honduras',3,'2002-05-10 19:57:58','2020-02-12 14:16:08'),(46,'1980-02-22',39,'2020-02-22 00:00:00','Saturday','f','South Huldaland','Tonga',10,'2005-04-18 07:37:21','2020-02-12 14:16:08'),(73,'2010-11-11',9,'2020-11-11 00:00:00','Wednesday','m','Luettgenfort','Iran',95,'1979-02-09 20:43:23','2020-02-12 14:16:08'),(29,'1979-07-15',40,'2020-07-15 00:00:00','Wednesday','m','North Merl','Namibia',99,'2006-10-06 15:23:17','2020-02-12 14:16:08'),(24,'1999-12-18',20,'2020-12-18 00:00:00','Friday','f','Lake Josieton','Panama',12,'1978-09-29 13:51:55','2020-02-12 14:16:08'),(33,'1987-01-12',33,'2020-01-12 00:00:00','Sunday','f','Kellieville','Djibouti',98,'1979-12-16 17:33:37','2020-02-12 14:16:08'),(92,'1983-11-17',36,'2020-11-17 00:00:00','Tuesday','f','Eleazartown','Israel',21,'2002-06-20 12:29:27','2020-02-12 14:16:08'),(63,'2019-08-01',0,'2020-08-01 00:00:00','Saturday','m','Kaylaville','Cambodia',17,'1993-05-07 03:36:49','2020-02-12 14:16:08'),(37,'2008-10-12',11,'2020-10-12 00:00:00','Monday','m','McCulloughview','Swaziland',66,'1970-08-04 13:34:08','2020-02-12 14:16:08'),(95,'2007-04-05',12,'2020-04-05 00:00:00','Sunday','f','Port Tysonland','Netherlands Antilles',79,'1977-12-30 15:02:45','2020-02-12 14:16:08'),(64,'1983-08-22',36,'2020-08-22 00:00:00','Saturday','f','Stokesborough','Japan',82,'1994-04-22 07:37:56','2020-02-12 14:16:08'),(35,'1996-01-04',24,'2020-01-04 00:00:00','Saturday','m','Schambergerburgh','Australia',50,'2008-09-01 04:20:39','2020-02-12 14:16:08'),(83,'1975-12-14',44,'2020-12-14 00:00:00','Monday','f','West Isadoremouth','Botswana',16,'1979-05-23 05:33:26','2020-02-12 14:16:08'),(8,'2013-07-15',6,'2020-07-15 00:00:00','Wednesday','m','New Rollintown','Japan',86,'1997-03-07 22:33:05','2020-02-12 14:16:08'),(91,'2010-04-11',9,'2020-04-11 00:00:00','Saturday','m','South Catherine','Sierra Leone',50,'1975-04-06 13:32:49','2020-02-12 14:16:08'),(31,'2002-06-21',17,'2020-06-21 00:00:00','Sunday','m','Catherineville','Liechtenstein',84,'1988-01-01 19:19:31','2020-02-12 14:16:08'),(81,'1974-08-01',45,'2020-08-01 00:00:00','Saturday','m','Elroyburgh','Denmark',49,'2013-03-05 23:53:10','2020-02-12 14:16:08'),(11,'1980-11-10',39,'2020-11-10 00:00:00','Tuesday','m','Effertzburgh','Iceland',30,'1991-06-14 19:16:10','2020-02-12 14:16:08'),(10,'2017-04-05',2,'2020-04-05 00:00:00','Sunday','f','West Sean','Qatar',100,'1974-07-12 20:02:59','2020-02-12 14:16:08'),(18,'2017-03-01',2,'2020-03-01 00:00:00','Sunday','m','South Halliehaven','China',77,'1985-01-03 04:27:58','2020-02-12 14:16:08'),(59,'1978-09-02',41,'2020-09-02 00:00:00','Wednesday','m','Beerborough','El Salvador',67,'2013-09-04 17:53:14','2020-02-12 14:16:08'),(42,'2008-08-01',11,'2020-08-01 00:00:00','Saturday','f','Alizeton','Venezuela',19,'1980-12-26 12:56:32','2020-02-12 14:16:08'),(31,'2005-11-12',14,'2020-11-12 00:00:00','Thursday','m','Farrellview','Tajikistan',60,'1983-04-27 11:08:44','2020-02-12 14:16:08'),(29,'2015-12-21',4,'2020-12-21 00:00:00','Monday','f','Cronamouth','Macao',26,'1980-12-20 09:20:23','2020-02-12 14:16:08'),(51,'1973-07-06',46,'2020-07-06 00:00:00','Monday','m','Adashire','Togo',6,'1973-04-05 20:16:59','2020-02-12 14:16:08'),(69,'1984-07-03',35,'2020-07-03 00:00:00','Friday','m','Ninatown','Ireland',92,'1986-10-31 19:53:46','2020-02-12 14:16:08'),(90,'1985-02-10',35,'2020-02-10 00:00:00','Monday','m','Abshiremouth','Wallis and Futuna',76,'1972-05-13 02:55:21','2020-02-12 14:16:08'),(44,'2011-06-13',8,'2020-06-13 00:00:00','Saturday','m','Beerborough','Morocco',49,'1983-10-14 22:18:18','2020-02-12 14:16:08'),(48,'1985-08-16',34,'2020-08-16 00:00:00','Sunday','f','Gretaville','Swaziland',70,'1998-01-10 09:40:40','2020-02-12 14:16:08'),(8,'1989-08-30',30,'2020-08-30 00:00:00','Sunday','f','Port Brianahaven','Poland',67,'1970-06-05 01:56:07','2020-02-12 14:16:08'),(94,'2014-12-31',5,'2020-12-31 00:00:00','Thursday','f','Timmyfort','Albania',68,'1977-10-04 14:07:50','2020-02-12 14:16:08'),(48,'1999-03-28',20,'2020-03-28 00:00:00','Saturday','m','East Cieloland','Bangladesh',69,'1979-05-20 08:29:16','2020-02-12 14:16:08'),(56,'1980-02-23',39,'2020-02-23 00:00:00','Sunday','f','South Jerod','Peru',89,'1972-12-02 13:14:59','2020-02-12 14:16:08'),(36,'1996-05-16',23,'2020-05-16 00:00:00','Saturday','m','West Fredericchester','Sierra Leone',20,'1973-01-25 13:13:56','2020-02-12 14:16:08'),(9,'1983-07-21',36,'2020-07-21 00:00:00','Tuesday','f','Halvorsonport','Saint Helena',30,'1994-08-10 05:48:21','2020-02-12 14:16:08'),(40,'1984-01-03',36,'2020-01-03 00:00:00','Friday','m','Toyville','Bhutan',56,'1997-03-22 16:13:18','2020-02-12 14:16:08'),(73,'1973-04-08',46,'2020-04-08 00:00:00','Wednesday','f','South Vickiemouth','Honduras',95,'1970-10-16 19:25:14','2020-02-12 14:16:08'),(41,'1975-09-08',44,'2020-09-08 00:00:00','Tuesday','m','Port Taylorfort','Norfolk Island',78,'2000-08-12 14:00:39','2020-02-12 14:16:08'),(88,'2008-10-15',11,'2020-10-15 00:00:00','Thursday','f','Doylefort','Kyrgyz Republic',38,'2002-10-18 01:49:21','2020-02-12 14:16:08'),(14,'1974-04-17',45,'2020-04-17 00:00:00','Friday','f','Petraville','Western Sahara',72,'1970-09-15 09:35:00','2020-02-12 14:16:08'),(7,'2009-08-13',10,'2020-08-13 00:00:00','Thursday','m','East Ociefurt','Indonesia',83,'1998-08-22 19:43:19','2020-02-12 14:16:08'),(93,'1981-01-16',39,'2020-01-16 00:00:00','Thursday','m','South Tyreseton','Belgium',41,'1986-02-08 15:34:44','2020-02-12 14:16:08'),(41,'1979-11-07',40,'2020-11-07 00:00:00','Saturday','m','Boyerview','Bahamas',42,'1981-08-12 01:50:27','2020-02-12 14:16:08'),(28,'2011-05-13',8,'2020-05-13 00:00:00','Wednesday','m','Muhammadfurt','Gibraltar',11,'1970-06-17 23:35:45','2020-02-12 14:16:08'),(14,'2000-05-28',19,'2020-05-28 00:00:00','Thursday','m','Lake Alizatown','Malawi',21,'1979-05-17 02:16:48','2020-02-12 14:16:08'),(87,'1980-03-29',39,'2020-03-29 00:00:00','Sunday','m','Lake Magdalenville','Canada',21,'1971-07-22 13:25:00','2020-02-12 14:16:08'),(90,'1997-12-19',22,'2020-12-19 00:00:00','Saturday','m','Weldonstad','Belarus',77,'1979-05-09 20:14:25','2020-02-12 14:16:08'),(91,'2019-04-23',0,'2020-04-23 00:00:00','Thursday','m','Heathcoteview','India',62,'1994-10-21 09:26:50','2020-02-12 14:16:08'),(84,'2003-08-09',16,'2020-08-09 00:00:00','Sunday','m','Domenickland','Gambia',89,'2003-12-27 12:24:51','2020-02-12 14:16:08'),(47,'1983-10-19',36,'2020-10-19 00:00:00','Monday','f','Satterfieldport','Aruba',39,'1998-12-19 05:03:31','2020-02-12 14:16:08'),(83,'1994-03-20',25,'2020-03-20 00:00:00','Friday','f','East Virginia','South Georgia and the South Sandwich Islands',93,'1982-01-29 06:25:45','2020-02-12 14:16:08'),(72,'2007-02-08',13,'2020-02-08 00:00:00','Saturday','f','Douglasshire','Rwanda',13,'1998-10-05 19:00:22','2020-02-12 14:16:08'),(11,'1994-09-10',25,'2020-09-10 00:00:00','Thursday','m','Bartfurt','Zimbabwe',52,'2012-04-23 09:03:43','2020-02-12 14:16:08'),(39,'1970-06-20',49,'2020-06-20 00:00:00','Saturday','m','Lednershire','Montserrat',53,'2013-06-27 10:21:56','2020-02-12 14:16:08'),(62,'1996-04-22',23,'2020-04-22 00:00:00','Wednesday','m','New Sunny','Lesotho',51,'1973-11-24 21:12:14','2020-02-12 14:16:08'),(93,'1980-09-19',39,'2020-09-19 00:00:00','Saturday','f','Darestad','Jersey',70,'1989-04-15 13:29:18','2020-02-12 14:16:08'),(77,'2008-03-15',11,'2020-03-15 00:00:00','Sunday','f','Andersonmouth','Aruba',12,'1972-03-14 14:18:57','2020-02-12 14:16:08'),(5,'1989-03-24',30,'2020-03-24 00:00:00','Tuesday','f','East Miachester','Isle of Man',59,'1999-08-04 20:42:22','2020-02-12 14:16:08'),(94,'1983-11-25',36,'2020-11-25 00:00:00','Wednesday','f','New Charles','Sudan',50,'2013-11-20 11:50:29','2020-02-12 14:16:08'),(54,'1986-06-30',33,'2020-06-30 00:00:00','Tuesday','f','Lake Karsonview','Croatia',35,'1980-07-17 01:19:34','2020-02-12 14:16:08'),(90,'2002-04-27',17,'2020-04-27 00:00:00','Monday','f','Port Sandybury','Saint Lucia',42,'1996-07-05 18:02:54','2020-02-12 14:16:08'),(85,'1999-03-29',20,'2020-03-29 00:00:00','Sunday','f','Irwintown','Albania',10,'1982-12-05 20:45:24','2020-02-12 14:16:08'),(57,'1976-10-09',43,'2020-10-09 00:00:00','Friday','f','Leorahaven','Liechtenstein',31,'1990-05-09 15:21:37','2020-02-12 14:16:08'),(27,'2012-08-28',7,'2020-08-28 00:00:00','Friday','f','Croninborough','Austria',12,'1971-07-07 15:43:01','2020-02-12 14:16:08'),(64,'2003-01-17',17,'2020-01-17 00:00:00','Friday','m','South Lora','French Southern Territories',65,'1995-09-08 13:59:38','2020-02-12 14:16:08'),(38,'1997-03-20',22,'2020-03-20 00:00:00','Friday','f','Fadelburgh','Argentina',12,'1990-04-27 21:55:56','2020-02-12 14:16:08'),(97,'2005-09-12',14,'2020-09-12 00:00:00','Saturday','m','Howeberg','Guatemala',5,'1975-05-30 15:41:43','2020-02-12 14:16:08'),(73,'1979-01-19',41,'2020-01-19 00:00:00','Sunday','f','North Mathildebury','Iran',99,'2000-09-26 12:42:26','2020-02-12 14:16:08'),(72,'1988-10-04',31,'2020-10-04 00:00:00','Sunday','m','New Willow','United States Virgin Islands',19,'1990-03-04 10:56:02','2020-02-12 14:16:08'),(39,'1997-12-15',22,'2020-12-15 00:00:00','Tuesday','f','Stephanyport','Saint Helena',90,'1985-04-19 11:00:23','2020-02-12 14:16:08'),(81,'2003-06-02',16,'2020-06-02 00:00:00','Tuesday','m','Port Vanessahaven','Czech Republic',86,'1976-08-27 19:27:37','2020-02-12 14:16:08'),(85,'2004-05-19',15,'2020-05-19 00:00:00','Tuesday','f','Handbury','El Salvador',36,'2010-01-04 02:37:45','2020-02-12 14:16:08'),(82,'1990-12-06',29,'2020-12-06 00:00:00','Sunday','m','Jarenchester','Tajikistan',17,'2000-10-31 00:08:24','2020-02-12 14:16:08'),(56,'2011-11-13',8,'2020-11-13 00:00:00','Friday','m','Olsonmouth','Korea',31,'1978-07-01 07:10:54','2020-02-12 14:16:08'),(33,'1978-01-04',42,'2020-01-04 00:00:00','Saturday','f','Howeberg','Yemen',94,'2006-02-19 02:16:48','2020-02-12 14:16:08'),(96,'2003-07-20',16,'2020-07-20 00:00:00','Monday','m','Gunnarhaven','Grenada',29,'1978-05-03 17:27:29','2020-02-12 14:16:08'),(81,'2019-09-05',0,'2020-09-05 00:00:00','Saturday','m','West Tysonmouth','Saudi Arabia',41,'1973-08-23 22:08:09','2020-02-12 14:16:08'),(15,'2010-06-21',9,'2020-06-21 00:00:00','Sunday','f','South Kolbyview','Senegal',14,'1995-07-12 03:07:15','2020-02-12 14:16:08'),(33,'2014-11-14',5,'2020-11-14 00:00:00','Saturday','f','South Kaela','Niger',13,'1993-10-10 02:08:38','2020-02-12 14:16:08'),(18,'1973-06-24',46,'2020-06-24 00:00:00','Wednesday','f','New Bridgetteview','Micronesia',61,'1975-03-22 06:27:15','2020-02-12 14:16:08'),(90,'1970-08-20',49,'2020-08-20 00:00:00','Thursday','f','West Selmermouth','Venezuela',75,'1973-03-15 14:42:50','2020-02-12 14:16:08'),(96,'1994-02-11',26,'2020-02-11 00:00:00','Tuesday','f','South Geovany','Oman',5,'1997-01-31 10:44:36','2020-02-12 14:16:08'),(12,'2018-03-28',1,'2020-03-28 00:00:00','Saturday','m','East Prestonchester','Tanzania',18,'2005-08-18 12:09:32','2020-02-12 14:16:08'),(69,'2003-08-09',16,'2020-08-09 00:00:00','Sunday','f','Annetteview','Nepal',89,'2003-08-29 03:42:32','2020-02-12 14:16:08'),(11,'1974-03-17',45,'2020-03-17 00:00:00','Tuesday','m','East Tyrel','Guinea',22,'1983-09-14 14:41:00','2020-02-12 14:16:08');
/*!40000 ALTER TABLE `profiles` ENABLE KEYS */;
UNLOCK TABLES;

--
-- Table structure for table `storehouses_products`
--

DROP TABLE IF EXISTS `storehouses_products`;
/*!40101 SET @saved_cs_client     = @@character_set_client */;
/*!50503 SET character_set_client = utf8mb4 */;
CREATE TABLE `storehouses_products` (
  `id` int unsigned NOT NULL AUTO_INCREMENT,
  `value` int NOT NULL,
  PRIMARY KEY (`id`)
) ENGINE=InnoDB AUTO_INCREMENT=8 DEFAULT CHARSET=utf8mb4 COLLATE=utf8mb4_0900_ai_ci;
/*!40101 SET character_set_client = @saved_cs_client */;

--
-- Dumping data for table `storehouses_products`
--

LOCK TABLES `storehouses_products` WRITE;
/*!40000 ALTER TABLE `storehouses_products` DISABLE KEYS */;
INSERT INTO `storehouses_products` VALUES (1,0),(2,0),(3,34),(4,80),(5,98),(6,46),(7,39);
/*!40000 ALTER TABLE `storehouses_products` ENABLE KEYS */;
UNLOCK TABLES;

--
-- Table structure for table `users`
--

DROP TABLE IF EXISTS `users`;
/*!40101 SET @saved_cs_client     = @@character_set_client */;
/*!50503 SET character_set_client = utf8mb4 */;
CREATE TABLE `users` (
  `id` int unsigned NOT NULL DEFAULT '0',
  `first_name` varchar(100) CHARACTER SET utf8 COLLATE utf8_unicode_ci NOT NULL,
  `last_name` varchar(100) CHARACTER SET utf8 COLLATE utf8_unicode_ci NOT NULL,
  `email` varchar(120) CHARACTER SET utf8 COLLATE utf8_unicode_ci NOT NULL,
  `phone` varchar(15) CHARACTER SET utf8 COLLATE utf8_unicode_ci NOT NULL,
  `password` varchar(15) CHARACTER SET utf8 COLLATE utf8_unicode_ci DEFAULT NULL,
  `created_at` datetime DEFAULT NULL,
  `updated_at` datetime DEFAULT NULL
) ENGINE=InnoDB DEFAULT CHARSET=utf8mb4 COLLATE=utf8mb4_0900_ai_ci;
/*!40101 SET character_set_client = @saved_cs_client */;

--
-- Dumping data for table `users`
--

LOCK TABLES `users` WRITE;
/*!40000 ALTER TABLE `users` DISABLE KEYS */;
INSERT INTO `users` VALUES (1,'Abagail','O\'Kon','lisa.bahringer@example.net','+95(3)011671572','cb6f565d0f71dac','2020-02-10 20:14:43','2020-02-10 20:14:43'),(2,'Keyshawn','Bergstrom','citlalli79@example.org','924.288.0018x13','f22f139d73a654f','2020-02-10 20:14:43','2020-02-10 20:14:43'),(3,'Dashawn','Conn','emmie.gerlach@example.org','1-452-372-6629x','3da89b7c51b2f6d','2020-02-10 20:14:43','2020-02-10 20:14:43'),(4,'Cortez','Koelpin','forest.beier@example.com','+00(4)584470515','ed033a9317116d0','2020-02-10 20:14:43','2020-02-10 20:14:43'),(5,'Hailie','Dooley','francisca.lind@example.net','1-838-727-9258x','41dc68164d1fd86','2020-02-10 20:14:43','2020-02-10 20:14:43'),(6,'Brittany','Muller','collin.kuphal@example.net','672-313-2371','e10260724a6c131','2020-02-10 20:14:43','2020-02-10 20:14:43'),(7,'Briana','Bayer','clittle@example.com','+30(0)884311043','70351e3a0377674','2020-02-10 20:14:43','2020-02-10 20:14:43'),(8,'Quentin','Casper','cbergnaum@example.net','1-731-699-7285','bfc28fcfbc64476','2020-02-10 20:14:43','2020-02-10 20:14:43'),(9,'Jordane','Raynor','emmitt40@example.net','566.598.7185','2a5e0936bd95b2a','2020-02-10 20:14:43','2020-02-10 20:14:43'),(10,'Ayla','Kovacek','elyse.kuhlman@example.net','1-376-872-5470x','2e971cac9897d1b','2020-02-10 20:14:43','2020-02-10 20:14:43'),(11,'Gillian','Gerlach','kassulke.clementina@example.org','+25(5)766953868','7fcc87a29fe0502','2020-02-10 20:14:43','2020-02-10 20:14:43'),(12,'Hailie','Runte','fhand@example.com','06945048080','71f213bce6782f1','2020-02-10 20:14:43','2020-02-10 20:14:43'),(13,'Augusta','Walker','tcarter@example.com','861.435.0624','669b5dc7ed30d67','2020-02-10 20:14:43','2020-02-10 20:14:43'),(14,'Laverna','Reinger','osinski.lillian@example.org','120-444-2113x91','8befc106befae76','2020-02-10 20:14:43','2020-02-10 20:14:43'),(15,'Rafael','Wiegand','kimberly.crona@example.com','924-388-5324x87','37ba9d5fa1dff15','2020-02-10 20:14:43','2020-02-10 20:14:43'),(16,'Lolita','Feeney','schultz.luigi@example.net','+85(4)391838737','7c8d9b247130549','2020-02-10 20:14:43','2020-02-10 20:14:43'),(17,'Coty','Quitzon','presley.bauch@example.com','316.275.3678','69d2f332241ef30','2020-02-10 20:14:43','2020-02-10 20:14:43'),(18,'Kendrick','Kautzer','dkovacek@example.com','07395587879','683f6ce2ce10ec9','2020-02-10 20:14:43','2020-02-10 20:14:43'),(19,'Elda','Kilback','pschowalter@example.com','00996407855','26a53220ee8801e','2020-02-10 20:14:43','2020-02-10 20:14:43'),(20,'Noelia','Veum','ufranecki@example.org','1-563-866-1053x','8e55166d842a4a4','2020-02-10 20:14:43','2020-02-10 20:14:43'),(21,'Annabelle','Zulauf','gabriel07@example.com','(028)278-7784x4','b79a4ebcd8fd6e2','2020-02-10 20:14:43','2020-02-10 20:14:43'),(22,'Lily','Koepp','fstreich@example.net','02922950211','f60c73b47899a58','2020-02-10 20:14:43','2020-02-10 20:14:43'),(23,'Ana','Larson','oweimann@example.com','(260)970-5595x5','5344c583f16fdc0','2020-02-10 20:14:43','2020-02-10 20:14:43'),(24,'Rogers','Kihn','dorothea.connelly@example.com','1-046-171-2244x','52c3f34b7fd4208','2020-02-10 20:14:43','2020-02-10 20:14:43'),(25,'Wilmer','Hilpert','stefan.keeling@example.com','465.911.6408x23','fbde11e0102c7c3','2020-02-10 20:14:43','2020-02-10 20:14:43'),(26,'Dan','Wilkinson','katherine.kautzer@example.net','070.731.8975','fa5234e7d3b65f9','2020-02-10 20:14:43','2020-02-10 20:14:43'),(27,'Aurelie','Carter','deion.quitzon@example.org','704-799-1508','90626434868d748','2020-02-10 20:14:43','2020-02-10 20:14:43'),(28,'Kali','Harvey','orlando59@example.net','08315276989','1c465d139651af8','2020-02-10 20:14:43','2020-02-10 20:14:43'),(29,'Sonny','Stracke','bradtke.betsy@example.net','809-981-9883x81','75d0a93e4d148c9','2020-02-10 20:14:43','2020-02-10 20:14:43'),(30,'Mylene','Kessler','ricardo.morar@example.com','135-180-3853','ce4e31795745e42','2020-02-10 20:14:43','2020-02-10 20:14:43'),(31,'Marian','Klocko','rebeka75@example.org','1-925-049-0821x','3ac82e5a6ce70bc','2020-02-10 20:14:43','2020-02-10 20:14:43'),(32,'Wendell','Steuber','ofelia50@example.com','+36(2)658637121','8810da14a2160b9','2020-02-10 20:14:43','2020-02-10 20:14:43'),(33,'Aracely','Wiza','simonis.tessie@example.net','1-544-636-0772','127661d3efc10d8','2020-02-10 20:14:43','2020-02-10 20:14:43'),(34,'Arnold','Casper','kuhic.katelyn@example.net','1-793-728-8044','6e08548bfa1887c','2020-02-10 20:14:43','2020-02-10 20:14:43'),(35,'Rosalee','Prosacco','hills.raven@example.net','151-923-2014','66c7e08df4c8651','2020-02-10 20:14:43','2020-02-10 20:14:43'),(36,'Buddy','Corwin','abeahan@example.org','(885)396-0869','3bae1fab1c3fca2','2020-02-10 20:14:43','2020-02-10 20:14:43'),(37,'German','Bins','jones.lorenz@example.net','08986588001','4ae8ef986ec4ab4','2020-02-10 20:14:43','2020-02-10 20:14:43'),(38,'Elsie','Waelchi','brian67@example.com','1-569-754-0005','2c5cabf0823c005','2020-02-10 20:14:43','2020-02-10 20:14:43'),(39,'Linnea','Pfeffer','wintheiser.aylin@example.org','(042)360-0915x8','d09142220ce15d4','2020-02-10 20:14:43','2020-02-10 20:14:43'),(40,'Frederique','Weimann','nabernathy@example.com','1-017-359-4378','e4c97c1775d8a55','2020-02-10 20:14:43','2020-02-10 20:14:43'),(41,'Lenora','Stokes','beatty.adriana@example.net','1-534-481-2993','36a6f82402392ed','2020-02-10 20:14:43','2020-02-10 20:14:43'),(42,'Annette','Konopelski','hank93@example.org','+55(8)149203551','740faab765b3c3d','2020-02-10 20:14:43','2020-02-10 20:14:43'),(43,'Adrianna','Marks','vmorar@example.com','309-222-5635','e79b294d818d6b1','2020-02-10 20:14:43','2020-02-10 20:14:43'),(44,'Lois','Pagac','wehner.krystel@example.com','410.145.7663','5030c8f11e51300','2020-02-10 20:14:43','2020-02-10 20:14:43'),(45,'Roscoe','Walker','paucek.madilyn@example.com','1-275-507-0445x','ee6d0a9dfca38f5','2020-02-10 20:14:43','2020-02-10 20:14:43'),(46,'Lupe','Littel','katrina.harvey@example.org','693.199.5221x38','7842c2d0142b241','2020-02-10 20:14:43','2020-02-10 20:14:43'),(47,'Cecilia','Bogisich','nstiedemann@example.com','592.968.6090','0a9179a77fc28b1','2020-02-10 20:14:43','2020-02-10 20:14:43'),(48,'Berenice','Walsh','ollie.halvorson@example.org','+45(5)724378621','ffca106e35942c3','2020-02-10 20:14:43','2020-02-10 20:14:43'),(49,'Gillian','Rutherford','skunde@example.org','919-798-2289x30','d91a11d06503f4c','2020-02-10 20:14:43','2020-02-10 20:14:43'),(50,'Jordy','Marvin','mateo57@example.com','+95(1)769548274','9ee894e3777ebe1','2020-02-10 20:14:43','2020-02-10 20:14:43'),(51,'Amy','O\'Hara','kkub@example.com','07792788937','cc933a77de5e52f','2020-02-10 20:14:43','2020-02-10 20:14:43'),(52,'Hailey','Streich','gaylord.tobin@example.org','(926)552-4250x7','725e6119a676c6f','2020-02-10 20:14:43','2020-02-10 20:14:43'),(53,'Natalie','Leuschke','jacques60@example.org','154-071-9204','e49c56165945a25','2020-02-10 20:14:43','2020-02-10 20:14:43'),(54,'Cordell','Morar','jaydon00@example.net','(447)674-0101x1','8f62b8892f34fe6','2020-02-10 20:14:43','2020-02-10 20:14:43'),(55,'Karelle','Mertz','friesen.lavern@example.com','695-243-3397','0d6c862f42724bd','2020-02-10 20:14:43','2020-02-10 20:14:43'),(56,'Madison','Erdman','fcummings@example.com','1-915-794-5054','040fa31eef4ec08','2020-02-10 20:14:43','2020-02-10 20:14:43'),(57,'Vella','Hauck','adrien.baumbach@example.com','210-661-7011x67','7b004c459813e42','2020-02-10 20:14:43','2020-02-10 20:14:43'),(58,'Jefferey','Zemlak','balistreri.alvah@example.com','166-620-6355','3c587fd204d9729','2020-02-10 20:14:43','2020-02-10 20:14:43'),(59,'Coty','Schamberger','karley50@example.com','+51(4)316654742','a04fdacbbe34469','2020-02-10 20:14:43','2020-02-10 20:14:43'),(60,'Adrianna','Mraz','ptorp@example.com','565.611.9267','50f9e3d58322530','2020-02-10 20:14:43','2020-02-10 20:14:43'),(61,'Marina','McLaughlin','wolf.claud@example.com','(310)330-1077x1','35d9427c4e375ac','2020-02-10 20:14:43','2020-02-10 20:14:43'),(62,'Genesis','Bergnaum','myron.block@example.com','(684)821-1009x0','18799ab18d88816','2020-02-10 20:14:43','2020-02-10 20:14:43'),(63,'Earl','Murazik','jenifer.crist@example.net','+50(1)096494518','546756c8c6e35f2','2020-02-10 20:14:43','2020-02-10 20:14:43'),(64,'Mossie','Pfannerstill','hodkiewicz.orion@example.com','203-762-3494x19','38785da34341d4e','2020-02-10 20:14:43','2020-02-10 20:14:43'),(65,'Wava','Heaney','flavio.jast@example.com','03147164338','cb3d0f94599e2bd','2020-02-10 20:14:43','2020-02-10 20:14:43'),(66,'Destin','Larson','fadel.rocio@example.org','646.960.7070x14','6af056d68340b82','2020-02-10 20:14:43','2020-02-10 20:14:43'),(67,'Liana','Hudson','muller.milan@example.org','670-360-1622','e685f075ad73585','2020-02-10 20:14:43','2020-02-10 20:14:43'),(68,'Maudie','Larkin','shields.alec@example.net','384-510-1914','febc977558fe3a9','2020-02-10 20:14:43','2020-02-10 20:14:43'),(69,'Lambert','Spencer','ntremblay@example.org','(486)729-9715','8c18c8f86daa647','2020-02-10 20:14:43','2020-02-10 20:14:43'),(70,'Janis','Koepp','aylin.waelchi@example.org','1-628-412-7427x','e9c805b8180a0ff','2020-02-10 20:14:43','2020-02-10 20:14:43'),(71,'Leslie','Hegmann','xtorp@example.net','(076)226-8304x2','4eb3b1fe1f4e811','2020-02-10 20:14:43','2020-02-10 20:14:43'),(72,'Rae','Johns','lynch.jamison@example.com','+13(6)404691991','db9f99295bedf42','2020-02-10 20:14:43','2020-02-10 20:14:43'),(73,'Krystel','Dickinson','evangeline36@example.net','1-284-483-0179','baa25609fe6caf5','2020-02-10 20:14:43','2020-02-10 20:14:43'),(74,'Linnie','Schamberger','mayert.bailee@example.net','(565)929-6817x6','1eaf02e2f185f02','2020-02-10 20:14:43','2020-02-10 20:14:43'),(75,'Jaime','Beatty','garrison27@example.org','(362)209-8789x8','5a1ed72578c24d0','2020-02-10 20:14:43','2020-02-10 20:14:43'),(76,'Anastasia','Frami','xconnelly@example.com','(007)974-1392x8','f1e5c738a95433d','2020-02-10 20:14:43','2020-02-10 20:14:43'),(77,'Margarette','Hamill','jgutmann@example.net','554-882-1660','89dfdb247d36526','2020-02-10 20:14:43','2020-02-10 20:14:43'),(78,'Katelyn','Lockman','xgleichner@example.org','02823549193','ec15955e9c0bb53','2020-02-10 20:14:43','2020-02-10 20:14:43'),(79,'Fermin','Rolfson','legros.jarvis@example.org','1-149-313-6598','d2e09f9ba6fee87','2020-02-10 20:14:43','2020-02-10 20:14:43'),(80,'Modesto','Luettgen','marielle05@example.net','034-345-0027x00','190d2f16a3fb906','2020-02-10 20:14:43','2020-02-10 20:14:43'),(81,'Larue','Nolan','sherwood66@example.net','1-192-127-0078x','4b85200e0601179','2020-02-10 20:14:43','2020-02-10 20:14:43'),(82,'Penelope','Haley','elmore.strosin@example.com','492.917.0021x05','d542649dc56921a','2020-02-10 20:14:43','2020-02-10 20:14:43'),(83,'Randi','Moore','antonietta70@example.org','108.715.3756','3446ff0c7bb2c4f','2020-02-10 20:14:43','2020-02-10 20:14:43'),(84,'Marion','Weimann','leo27@example.com','548-046-2563x98','c2357e184ee8fe0','2020-02-10 20:14:43','2020-02-10 20:14:43'),(85,'Boris','Boehm','vhamill@example.net','1-311-993-1337','f3859d46b26ff23','2020-02-10 20:14:43','2020-02-10 20:14:43'),(86,'Monserrat','Stehr','qlang@example.net','(071)623-4904','c030a6651f44f91','2020-02-10 20:14:43','2020-02-10 20:14:43'),(87,'Craig','Hilpert','abner26@example.net','1-960-284-9058','e6f7407947acda7','2020-02-10 20:14:43','2020-02-10 20:14:43'),(88,'Verna','Wuckert','seth21@example.net','(268)839-0094','96038040ef0bbb1','2020-02-10 20:14:43','2020-02-10 20:14:43'),(89,'Isidro','Berge','stephan.stamm@example.org','1-275-024-5024','6640217d6ee575b','2020-02-10 20:14:43','2020-02-10 20:14:43'),(90,'Abbigail','Jast','armstrong.benton@example.net','426.425.5345x77','3ee7547c85b2cbb','2020-02-10 20:14:43','2020-02-10 20:14:43'),(91,'Elroy','Thiel','stephan53@example.net','1-515-005-6119','28b1e01f6a270ec','2020-02-10 20:14:43','2020-02-10 20:14:43'),(92,'Meta','Langosh','greenholt.esperanza@example.net','1-037-495-2622x','6c9fe7f0ec6ad33','2020-02-10 20:14:43','2020-02-10 20:14:43'),(93,'Donald','Macejkovic','alexandro09@example.net','1-078-524-1578','41431f167bf772b','2020-02-10 20:14:43','2020-02-10 20:14:43'),(94,'Maureen','Kub','hobart.barton@example.net','(362)741-1214x0','56ee5aeed4e761d','2020-02-10 20:14:43','2020-02-10 20:14:43'),(95,'Stanford','Weimann','audrey.connelly@example.org','08453210445','50a589d3713d112','2020-02-10 20:14:43','2020-02-10 20:14:43'),(96,'Buster','Predovic','milo21@example.com','1-341-664-4930x','aea0df5d9c84228','2020-02-10 20:14:43','2020-02-10 20:14:43'),(97,'Eladio','Schmitt','qherman@example.com','541-570-9486','79da3118ca9b27e','2020-02-10 20:14:43','2020-02-10 20:14:43'),(98,'Isom','Grady','plehner@example.com','1-331-846-8750','035c024df0e084c','2020-02-10 20:14:43','2020-02-10 20:14:43'),(99,'Kirk','Hettinger','vhilll@example.org','+42(7)948143822','091239ae9e4e49e','2020-02-10 20:14:43','2020-02-10 20:14:43'),(100,'Dolores','Gulgowski','raymundo98@example.org','066-984-4707','77a3ec0e597aa7f','2020-02-10 20:14:43','2020-02-10 20:14:43');
/*!40000 ALTER TABLE `users` ENABLE KEYS */;
UNLOCK TABLES;

--
-- Dumping routines for database 'example'
--
/*!40103 SET TIME_ZONE=@OLD_TIME_ZONE */;

/*!40101 SET SQL_MODE=@OLD_SQL_MODE */;
/*!40014 SET FOREIGN_KEY_CHECKS=@OLD_FOREIGN_KEY_CHECKS */;
/*!40014 SET UNIQUE_CHECKS=@OLD_UNIQUE_CHECKS */;
/*!40101 SET CHARACTER_SET_CLIENT=@OLD_CHARACTER_SET_CLIENT */;
/*!40101 SET CHARACTER_SET_RESULTS=@OLD_CHARACTER_SET_RESULTS */;
/*!40101 SET COLLATION_CONNECTION=@OLD_COLLATION_CONNECTION */;
/*!40111 SET SQL_NOTES=@OLD_SQL_NOTES */;

-- Dump completed on 2020-02-12 14:36:05
