-- MySQL dump 10.13  Distrib 8.0.19, for Linux (x86_64)
--
-- Host: localhost    Database: vk
-- ------------------------------------------------------
-- Server version	8.0.19

/*!40101 SET @OLD_CHARACTER_SET_CLIENT=@@CHARACTER_SET_CLIENT */;
/*!40101 SET @OLD_CHARACTER_SET_RESULTS=@@CHARACTER_SET_RESULTS */;
/*!40101 SET @OLD_COLLATION_CONNECTION=@@COLLATION_CONNECTION */;
/*!50503 SET NAMES utf8mb4 */;
/*!40103 SET @OLD_TIME_ZONE=@@TIME_ZONE */;
/*!40103 SET TIME_ZONE='+00:00' */;
/*!40014 SET @OLD_UNIQUE_CHECKS=@@UNIQUE_CHECKS, UNIQUE_CHECKS=0 */;
/*!40014 SET @OLD_FOREIGN_KEY_CHECKS=@@FOREIGN_KEY_CHECKS, FOREIGN_KEY_CHECKS=0 */;
/*!40101 SET @OLD_SQL_MODE=@@SQL_MODE, SQL_MODE='NO_AUTO_VALUE_ON_ZERO' */;
/*!40111 SET @OLD_SQL_NOTES=@@SQL_NOTES, SQL_NOTES=0 */;

--
-- Table structure for table `communities`
--

DROP TABLE IF EXISTS `communities`;
/*!40101 SET @saved_cs_client     = @@character_set_client */;
/*!50503 SET character_set_client = utf8mb4 */;
CREATE TABLE `communities` (
  `id` int unsigned NOT NULL AUTO_INCREMENT,
  `name` varchar(150) CHARACTER SET utf8 COLLATE utf8_unicode_ci NOT NULL,
  `is_open` tinyint(1) DEFAULT NULL,
  `description` text COLLATE utf8_unicode_ci NOT NULL,
  PRIMARY KEY (`id`),
  UNIQUE KEY `name` (`name`)
) ENGINE=InnoDB AUTO_INCREMENT=101 DEFAULT CHARSET=utf8 COLLATE=utf8_unicode_ci;
/*!40101 SET character_set_client = @saved_cs_client */;

--
-- Dumping data for table `communities`
--

LOCK TABLES `communities` WRITE;
/*!40000 ALTER TABLE `communities` DISABLE KEYS */;
INSERT INTO `communities` VALUES (1,'est',NULL,'Veniam a maxime in dolores omnis quaerat molestiae. Quia vel aut sunt alias incidunt eos. Sed eos rerum perferendis tenetur. Similique dolores voluptas eos numquam sequi in consequatur laudantium.'),(2,'dolor',1,'Vel laborum aut voluptatem vero tenetur officiis aliquam nisi. Est ut et nesciunt sed. Sit eveniet voluptatem facere eum ullam. Accusamus et unde sed nam.'),(3,'voluptas',1,'Labore sapiente laborum eos voluptas tenetur nisi et. Similique dolorum incidunt eum aut architecto.'),(4,'eligendi',NULL,'Illum ea qui necessitatibus eos omnis neque impedit reiciendis. Molestiae error rerum quaerat et. Commodi eligendi pariatur quia nihil consequatur modi. Atque beatae rem dolorem quaerat est. Officiis cum minima eius culpa accusamus.'),(5,'nam',1,'Natus neque consequatur vitae. Fugit voluptatem architecto ullam consequatur voluptatibus magni ex. Iure eum iste qui odit aut consequuntur consequatur. Aut distinctio sit id dolorem libero repellat corporis.'),(6,'magni',NULL,'Qui voluptate doloribus distinctio et. Quia soluta modi id corrupti quidem. Ratione distinctio fugiat asperiores nulla. Neque recusandae provident tenetur.'),(7,'ratione',NULL,'Exercitationem eveniet atque est quam voluptatem. Odio ut voluptatem nesciunt voluptatem suscipit sapiente aspernatur. Similique est consequuntur vel quae labore.'),(8,'ipsam',1,'Nihil ut nostrum ut id adipisci culpa officiis quos. Totam explicabo ad illum beatae dolores. Voluptates beatae numquam tenetur consequuntur eius et dolorum. Ut fuga et ipsam.'),(9,'labore',1,'Earum et laboriosam consequatur vitae consectetur amet quisquam. Eos dolore repudiandae harum dicta commodi adipisci nemo. Voluptas hic corporis odio provident possimus aut neque. Officia iure sit omnis eos accusamus quod.'),(10,'consequuntur',NULL,'Rerum illo vel dolorem et et et odit est. Dolor officia saepe totam nam labore impedit. Consequatur rem illo facere quos laudantium nam.'),(11,'fugit',NULL,'Culpa eos sint placeat animi recusandae. Ad aut non velit et sit dolor enim. Quis deleniti ad voluptatem laborum vero.'),(12,'deserunt',NULL,'Id natus similique omnis quia quaerat. Pariatur corrupti dolorem accusantium officiis suscipit. Doloribus soluta quo sequi et aut odio. Sunt amet aut aspernatur molestiae corrupti autem possimus.'),(13,'quam',NULL,'Autem laborum unde ad reprehenderit soluta amet. Dolorum doloremque exercitationem qui provident. Reiciendis sint rem eum delectus quo tempore.'),(14,'corrupti',NULL,'Officia qui quasi at qui ea. Consequuntur sint incidunt sed rem rerum in. Magni impedit cum quae et ipsam doloremque. Qui vero quia harum laborum voluptate consequatur omnis minus.'),(15,'et',NULL,'Molestiae rem unde itaque nobis a qui. Quas error qui fugit deserunt dolorum eos libero. Inventore vitae provident quam qui fugiat perspiciatis.'),(16,'qui',NULL,'Possimus sit sapiente debitis nam officiis. Molestiae ut provident beatae. Modi et sit inventore et molestiae velit in a.'),(17,'aliquid',NULL,'Et quisquam ut placeat voluptatum quia. Alias voluptatem ratione eum aut distinctio sit similique. Quidem sapiente odit sit excepturi aperiam. Corporis omnis voluptas quo blanditiis.'),(18,'illo',NULL,'Magni occaecati perspiciatis dolor saepe voluptas laboriosam. Sed unde possimus est. Ut ea hic et ut ab. Facere necessitatibus laborum aliquam in nemo sit veritatis. Temporibus ullam asperiores expedita placeat doloremque non dolore.'),(19,'consectetur',NULL,'Expedita natus vero enim corrupti. Aperiam mollitia molestiae quae quis quibusdam. Quis ratione unde eum voluptas cum quia.'),(20,'perspiciatis',NULL,'Minus similique repudiandae quibusdam vero laborum aut. In repudiandae soluta error temporibus atque. Debitis omnis dolorem et quo quo minus ut. Rerum voluptas reprehenderit voluptatem iste ut itaque voluptate. Nobis dicta dolore veritatis aut similique quaerat qui quia.');
/*!40000 ALTER TABLE `communities` ENABLE KEYS */;
UNLOCK TABLES;

--
-- Table structure for table `communities_users`
--

DROP TABLE IF EXISTS `communities_users`;
/*!40101 SET @saved_cs_client     = @@character_set_client */;
/*!50503 SET character_set_client = utf8mb4 */;
CREATE TABLE `communities_users` (
  `community_id` int unsigned NOT NULL,
  `user_id` int unsigned NOT NULL,
  PRIMARY KEY (`community_id`,`user_id`)
) ENGINE=InnoDB DEFAULT CHARSET=utf8 COLLATE=utf8_unicode_ci;
/*!40101 SET character_set_client = @saved_cs_client */;

--
-- Dumping data for table `communities_users`
--

LOCK TABLES `communities_users` WRITE;
/*!40000 ALTER TABLE `communities_users` DISABLE KEYS */;
INSERT INTO `communities_users` VALUES (1,36),(1,37),(1,47),(2,39),(2,41),(2,72),(2,74),(2,77),(3,18),(3,21),(3,27),(3,81),(3,88),(4,15),(4,25),(4,41),(4,61),(4,98),(5,13),(5,50),(5,59),(5,73),(5,81),(6,13),(6,48),(6,50),(6,53),(6,99),(7,7),(7,8),(7,40),(7,61),(7,65),(7,73),(7,75),(7,76),(7,99),(8,6),(8,21),(8,25),(8,41),(8,68),(8,93),(8,99),(9,2),(9,9),(9,20),(9,23),(9,46),(9,55),(9,57),(9,65),(9,77),(10,64),(11,4),(11,9),(11,26),(11,33),(11,37),(12,7),(12,12),(12,37),(12,64),(12,85),(12,97),(13,27),(14,29),(14,31),(14,34),(14,42),(14,50),(14,63),(14,65),(14,77),(14,81),(15,21),(15,73),(16,57),(16,68),(16,81),(16,86),(16,100),(17,7),(17,25),(17,53),(17,73),(17,79),(17,85),(18,6),(18,52),(18,57),(18,65),(18,67),(19,77),(19,85),(19,92),(20,6),(20,39),(20,42),(20,51);
/*!40000 ALTER TABLE `communities_users` ENABLE KEYS */;
UNLOCK TABLES;

--
-- Table structure for table `friendship`
--

DROP TABLE IF EXISTS `friendship`;
/*!40101 SET @saved_cs_client     = @@character_set_client */;
/*!50503 SET character_set_client = utf8mb4 */;
CREATE TABLE `friendship` (
  `user_id` int unsigned NOT NULL,
  `friend_id` int unsigned NOT NULL,
  `status_id` int unsigned NOT NULL,
  `requested_at` datetime DEFAULT CURRENT_TIMESTAMP,
  `confirmed_at` datetime DEFAULT NULL,
  PRIMARY KEY (`user_id`,`friend_id`)
) ENGINE=InnoDB DEFAULT CHARSET=utf8 COLLATE=utf8_unicode_ci;
/*!40101 SET character_set_client = @saved_cs_client */;

--
-- Dumping data for table `friendship`
--

LOCK TABLES `friendship` WRITE;
/*!40000 ALTER TABLE `friendship` DISABLE KEYS */;
INSERT INTO `friendship` VALUES (2,94,1,'1973-05-01 05:26:33','1973-05-01 05:26:33'),(3,18,3,'1984-06-11 05:20:40','1984-06-11 05:20:40'),(4,7,3,'1987-06-08 12:34:50','2002-05-21 14:59:55'),(4,82,1,'1990-01-27 03:45:20','1996-03-03 09:39:20'),(5,86,3,'1985-08-20 13:17:36','1985-08-20 13:17:36'),(7,71,3,'1988-08-20 06:27:32','1988-08-20 06:27:32'),(7,86,1,'1980-07-09 08:22:57','1980-07-09 08:22:57'),(8,61,1,'1991-09-25 05:31:24','1991-09-25 05:31:24'),(8,95,2,'1972-12-14 04:31:25','1991-02-22 14:46:01'),(10,21,3,'1981-07-10 22:59:24','1990-01-13 16:37:57'),(10,22,1,'1978-04-22 10:04:08','2018-09-27 15:26:35'),(13,46,3,'2013-08-07 04:47:54','2013-08-07 04:47:54'),(14,65,3,'1989-06-06 21:27:55','1989-06-06 21:27:55'),(15,28,2,'1988-09-06 16:49:20','1988-09-06 16:49:20'),(15,85,1,'1997-12-03 20:18:33','1997-12-03 20:18:33'),(15,86,2,'1993-02-08 03:05:16','1993-02-08 03:05:16'),(16,44,1,'1998-11-11 13:05:59','2009-09-07 17:12:47'),(16,64,1,'1984-03-19 07:38:05','2011-06-10 23:36:59'),(17,45,1,'1987-03-10 03:35:01','2011-07-01 03:22:55'),(17,88,2,'2009-06-02 17:38:43','2009-06-02 17:38:43'),(19,60,3,'1990-03-24 09:38:03','1990-03-24 09:38:03'),(20,7,1,'1971-06-03 17:10:59','1975-02-04 09:34:38'),(20,15,3,'1983-06-29 23:51:01','1998-03-21 17:41:38'),(20,40,3,'2004-05-13 08:44:59','2004-05-13 08:44:59'),(20,64,3,'1983-11-10 19:59:47','1983-11-10 19:59:47'),(21,55,1,'1971-10-10 01:57:01','1971-10-10 01:57:01'),(22,29,1,'1993-06-23 16:47:33','1993-06-23 16:47:33'),(23,77,3,'1970-12-09 01:03:37','2001-04-03 06:16:01'),(25,64,3,'1992-03-02 16:17:10','2010-02-22 07:14:25'),(25,99,1,'1985-03-18 15:08:57','1987-08-02 05:48:16'),(27,24,2,'1984-11-27 16:02:15','1984-11-27 16:02:15'),(30,25,1,'1978-11-19 22:47:18','1978-11-19 22:47:18'),(34,55,1,'1985-03-06 20:13:17','1994-11-09 07:55:25'),(36,100,1,'2003-07-11 16:49:01','2003-07-11 16:49:01'),(39,35,3,'1975-09-12 07:49:01','1975-09-12 07:49:01'),(39,66,1,'1972-06-02 10:42:22','1991-07-19 13:51:22'),(39,74,2,'1995-12-13 02:59:49','1995-12-13 02:59:49'),(40,7,2,'1987-04-28 04:01:55','2014-10-18 12:17:20'),(41,35,3,'1987-07-28 12:15:27','1987-10-12 01:33:59'),(41,53,3,'2013-10-16 16:19:07','2016-09-19 21:35:06'),(42,22,2,'1975-04-12 14:26:14','1982-01-05 23:37:22'),(42,40,2,'2001-12-27 03:46:07','2010-10-06 14:27:22'),(42,60,1,'2011-02-24 06:41:32','2011-02-24 06:41:32'),(43,87,3,'1970-09-28 22:23:43','1970-09-28 22:23:43'),(44,68,1,'2012-03-13 21:34:46','2012-03-13 21:34:46'),(44,78,1,'1984-01-03 18:06:10','1984-01-03 18:06:10'),(45,87,2,'1980-01-03 11:22:12','1980-01-03 11:22:12'),(45,99,2,'1998-02-11 03:42:16','2004-12-28 06:11:26'),(47,33,1,'1978-10-20 08:53:50','2018-10-11 05:56:55'),(48,70,3,'1991-07-20 17:54:11','1991-07-20 17:54:11'),(49,49,1,'1988-04-03 23:21:52','1988-04-03 23:21:52'),(51,35,1,'1992-07-03 10:10:43','2014-02-04 19:15:56'),(53,28,3,'2009-04-02 00:53:46','2019-12-28 05:26:27'),(56,36,2,'1981-12-28 23:21:58','1988-01-16 13:57:23'),(57,14,3,'1996-03-19 06:39:06','1996-03-19 06:39:06'),(57,59,1,'2001-04-26 21:25:17','2005-09-29 13:04:10'),(57,93,3,'2001-06-28 00:33:13','2001-06-28 00:33:13'),(59,94,1,'1975-06-03 04:46:35','1975-06-03 04:46:35'),(62,25,3,'1975-03-07 09:05:04','1995-05-25 00:22:27'),(62,44,1,'1992-08-04 17:52:13','1992-08-04 17:52:13'),(64,45,3,'1981-11-29 11:54:16','1983-07-19 13:19:09'),(66,22,2,'1989-11-17 19:58:00','2011-09-08 22:47:01'),(66,91,2,'2006-03-20 22:28:44','2006-03-20 22:28:44'),(67,33,3,'1989-09-23 04:31:14','1989-09-23 04:31:14'),(68,2,2,'2000-08-27 20:35:51','2001-01-14 08:15:39'),(68,8,2,'2013-09-08 13:16:14','2013-09-08 13:16:14'),(69,33,1,'1975-01-11 19:25:02','2009-09-17 04:45:01'),(69,44,3,'1998-07-13 20:22:25','2005-06-27 10:13:44'),(70,17,2,'1986-04-27 14:19:25','2008-09-24 00:21:00'),(73,52,2,'1985-11-20 00:51:35','1993-08-01 16:51:39'),(74,9,1,'1986-08-13 21:05:04','2015-01-28 20:36:36'),(75,90,2,'1982-02-01 07:14:49','1982-02-01 07:14:49'),(76,24,3,'2004-07-06 22:33:39','2004-07-06 22:33:39'),(76,46,2,'1972-06-15 18:13:21','2010-06-29 05:33:00'),(76,60,3,'2017-11-11 23:40:25','2017-11-11 23:40:25'),(77,59,2,'1979-03-18 09:49:58','1979-03-18 09:49:58'),(79,14,1,'1978-01-23 17:33:39','1978-01-23 17:33:39'),(79,93,3,'1982-08-21 11:22:14','1982-08-21 11:22:14'),(80,22,3,'2015-10-07 14:59:19','2017-08-07 07:04:34'),(82,32,3,'2004-06-25 22:31:47','2004-06-25 22:31:47'),(82,93,2,'1988-01-22 01:41:25','1988-01-22 01:41:25'),(83,70,3,'2000-06-06 21:47:15','2017-12-31 08:36:37'),(83,71,2,'1988-07-27 00:47:34','2010-10-20 23:11:52'),(84,42,1,'1981-05-17 20:49:14','1981-05-17 20:49:14'),(85,65,3,'2000-05-28 15:32:18','2002-09-09 01:14:55'),(85,98,3,'1970-08-24 11:55:54','1970-08-24 11:55:54'),(87,27,3,'1995-12-14 01:58:10','1999-06-17 11:37:38'),(90,42,1,'1980-03-24 08:54:44','1986-08-16 06:04:43'),(91,27,2,'1975-09-07 00:14:42','1975-09-07 00:14:42'),(93,9,2,'1996-09-29 22:03:56','2013-03-24 11:31:15'),(94,65,3,'1973-09-01 11:22:29','1973-09-01 11:22:29'),(95,97,1,'2009-12-06 11:09:05','2010-09-24 01:57:28'),(96,33,1,'1983-05-25 11:53:39','1983-05-25 11:53:39'),(96,61,1,'1993-07-23 03:46:57','1998-06-23 03:42:35'),(96,83,3,'1976-03-30 09:51:30','1988-05-19 20:34:44'),(96,91,1,'1996-12-15 09:27:00','1996-12-15 09:27:00'),(97,12,3,'1977-12-12 10:13:21','1977-12-12 10:13:21'),(97,14,1,'1975-01-22 17:01:43','2001-10-18 19:55:00'),(97,32,3,'1970-09-20 20:26:55','2009-11-14 09:38:53'),(98,19,2,'1996-02-05 14:03:00','2015-04-22 21:44:24');
/*!40000 ALTER TABLE `friendship` ENABLE KEYS */;
UNLOCK TABLES;

--
-- Table structure for table `friendship_statuses`
--

DROP TABLE IF EXISTS `friendship_statuses`;
/*!40101 SET @saved_cs_client     = @@character_set_client */;
/*!50503 SET character_set_client = utf8mb4 */;
CREATE TABLE `friendship_statuses` (
  `id` int unsigned NOT NULL AUTO_INCREMENT,
  `name` varchar(150) NOT NULL,
  PRIMARY KEY (`id`),
  UNIQUE KEY `name` (`name`)
) ENGINE=InnoDB AUTO_INCREMENT=4 DEFAULT CHARSET=utf8mb4 COLLATE=utf8mb4_0900_ai_ci;
/*!40101 SET character_set_client = @saved_cs_client */;

--
-- Dumping data for table `friendship_statuses`
--

LOCK TABLES `friendship_statuses` WRITE;
/*!40000 ALTER TABLE `friendship_statuses` DISABLE KEYS */;
INSERT INTO `friendship_statuses` VALUES (2,'Confirmed'),(3,'Rejected'),(1,'Requested');
/*!40000 ALTER TABLE `friendship_statuses` ENABLE KEYS */;
UNLOCK TABLES;

--
-- Table structure for table `likes`
--

DROP TABLE IF EXISTS `likes`;
/*!40101 SET @saved_cs_client     = @@character_set_client */;
/*!50503 SET character_set_client = utf8mb4 */;
CREATE TABLE `likes` (
  `id` int unsigned NOT NULL AUTO_INCREMENT,
  `post_id` int unsigned DEFAULT NULL,
  `user_id` int unsigned NOT NULL,
  `created_at` datetime DEFAULT CURRENT_TIMESTAMP,
  `updated_at` datetime DEFAULT CURRENT_TIMESTAMP ON UPDATE CURRENT_TIMESTAMP,
  PRIMARY KEY (`id`)
) ENGINE=InnoDB AUTO_INCREMENT=101 DEFAULT CHARSET=utf8 COLLATE=utf8_unicode_ci;
/*!40101 SET character_set_client = @saved_cs_client */;

--
-- Dumping data for table `likes`
--

LOCK TABLES `likes` WRITE;
/*!40000 ALTER TABLE `likes` DISABLE KEYS */;
INSERT INTO `likes` VALUES (1,41,34,'2012-04-08 06:02:11','2020-02-07 14:16:21'),(2,6,62,'1988-12-11 21:15:16','2020-02-07 14:16:21'),(3,8,9,'1973-06-25 18:51:26','2020-02-07 14:16:21'),(4,20,59,'2005-06-20 06:00:19','2020-02-07 14:16:21'),(5,77,67,'2014-12-14 22:26:25','2020-02-07 14:16:21'),(6,26,59,'1995-03-17 10:59:30','2020-02-07 14:16:21'),(7,98,92,'1994-10-08 00:29:39','2020-02-07 14:16:21'),(8,11,84,'1975-08-26 03:23:35','2020-02-07 14:16:21'),(9,60,43,'1989-12-24 14:51:22','2020-02-07 14:16:21'),(10,67,61,'1979-08-30 00:24:53','2020-02-07 14:16:21'),(11,53,76,'1971-11-19 19:02:33','2020-02-07 14:16:21'),(12,64,95,'2016-12-13 11:36:32','2020-02-07 14:16:21'),(13,62,46,'1980-03-18 19:05:21','2020-02-07 14:16:21'),(14,17,47,'1997-07-26 05:10:48','2020-02-07 14:16:21'),(15,97,94,'2014-05-12 08:59:06','2020-02-07 14:16:21'),(16,32,31,'1986-03-20 01:28:32','2020-02-07 14:16:21'),(17,72,69,'1992-09-16 05:55:41','2020-02-07 14:16:21'),(18,61,55,'1997-07-30 05:41:27','2020-02-07 14:16:21'),(19,88,66,'1981-09-12 08:54:57','2020-02-07 14:16:21'),(20,58,66,'2016-01-31 06:44:45','2020-02-07 14:16:21'),(21,27,29,'2003-05-20 07:32:01','2020-02-07 14:16:21'),(22,60,49,'2005-11-30 21:03:39','2020-02-07 14:16:21'),(23,18,56,'1999-10-28 12:16:30','2020-02-07 14:16:21'),(24,8,33,'2001-08-01 18:26:39','2020-02-07 14:16:21'),(25,86,95,'2005-09-03 06:49:03','2020-02-07 14:16:21'),(26,5,78,'1991-04-10 13:13:19','2020-02-07 14:16:21'),(27,67,5,'1995-09-14 18:47:18','2020-02-07 14:16:21'),(28,19,90,'1997-09-15 01:42:35','2020-02-07 14:16:21'),(29,94,36,'2006-07-30 01:03:36','2020-02-07 14:16:21'),(30,12,7,'2005-06-10 05:39:54','2020-02-07 14:16:21'),(31,79,27,'1994-04-08 02:29:11','2020-02-07 14:16:21'),(32,60,16,'1995-02-05 08:35:42','2020-02-07 14:16:21'),(33,59,96,'1992-03-02 13:04:19','2020-02-07 14:16:21'),(34,15,32,'2006-02-20 03:05:47','2020-02-07 14:16:21'),(35,97,71,'1971-08-26 03:12:25','2020-02-07 14:16:21'),(36,42,58,'1970-03-15 10:16:00','2020-02-07 14:16:21'),(37,16,76,'2005-04-11 20:38:33','2020-02-07 14:16:21'),(38,56,7,'1974-10-15 17:22:41','2020-02-07 14:16:21'),(39,32,5,'2000-09-07 03:57:56','2020-02-07 14:16:21'),(40,89,3,'2016-01-31 20:02:35','2020-02-07 14:16:21'),(41,50,98,'1993-09-03 08:03:10','2020-02-07 14:16:21'),(42,82,84,'1980-06-09 11:25:43','2020-02-07 14:16:21'),(43,60,23,'1992-01-25 10:56:57','2020-02-07 14:16:21'),(44,55,63,'1981-02-08 01:10:44','2020-02-07 14:16:21'),(45,93,45,'1981-09-14 02:13:56','2020-02-07 14:16:21'),(46,1,38,'2001-05-05 09:37:12','2020-02-07 14:16:21'),(47,23,52,'2008-02-06 22:47:07','2020-02-07 14:16:21'),(48,14,47,'2012-03-12 11:42:19','2020-02-07 14:16:21'),(49,99,79,'2012-05-15 00:43:47','2020-02-07 14:16:21'),(50,53,53,'1974-03-04 08:10:09','2020-02-07 14:16:21'),(51,67,26,'1970-12-13 10:26:05','2020-02-07 14:16:21'),(52,75,71,'1971-05-02 01:11:00','2020-02-07 14:16:21'),(53,74,77,'2013-01-22 10:22:12','2020-02-07 14:16:21'),(54,47,72,'1978-07-14 16:47:35','2020-02-07 14:16:21'),(55,9,28,'1996-08-03 05:02:48','2020-02-07 14:16:21'),(56,5,21,'1976-06-26 12:42:24','2020-02-07 14:16:21'),(57,98,24,'2012-07-27 19:00:00','2020-02-07 14:16:21'),(58,74,55,'1994-11-25 12:25:40','2020-02-07 14:16:21'),(59,73,5,'1998-12-30 10:27:04','2020-02-07 14:16:21'),(60,46,56,'1971-02-08 23:20:09','2020-02-07 14:16:21'),(61,10,67,'1984-10-07 18:51:20','2020-02-07 14:16:21'),(62,12,66,'2008-01-09 05:17:20','2020-02-07 14:16:21'),(63,30,30,'2002-12-04 17:19:11','2020-02-07 14:16:21'),(64,11,51,'1980-07-13 06:59:48','2020-02-07 14:16:21'),(65,64,65,'1981-04-27 05:18:15','2020-02-07 14:16:21'),(66,88,70,'2007-01-27 13:22:15','2020-02-07 14:16:21'),(67,49,57,'1992-02-17 05:12:43','2020-02-07 14:16:21'),(68,79,72,'1981-12-14 09:48:16','2020-02-07 14:16:21'),(69,46,89,'1987-06-29 09:01:47','2020-02-07 14:16:21'),(70,93,31,'2009-04-08 19:02:51','2020-02-07 14:16:21'),(71,26,84,'1977-01-20 08:55:21','2020-02-07 14:16:21'),(72,50,30,'1974-11-27 17:04:21','2020-02-07 14:16:21'),(73,71,94,'1999-07-27 23:40:30','2020-02-07 14:16:21'),(74,6,83,'2012-03-10 20:05:38','2020-02-07 14:16:21'),(75,17,29,'1999-07-19 04:27:45','2020-02-07 14:16:21'),(76,64,97,'1988-08-05 18:35:26','2020-02-07 14:16:21'),(77,70,97,'1976-11-06 15:08:39','2020-02-07 14:16:21'),(78,59,92,'2006-11-30 05:06:47','2020-02-07 14:16:21'),(79,82,68,'2003-07-19 11:27:50','2020-02-07 14:16:21'),(80,36,67,'2010-08-01 10:21:52','2020-02-07 14:16:21'),(81,30,28,'1977-08-30 07:38:15','2020-02-07 14:16:21'),(82,42,37,'1975-11-16 01:44:45','2020-02-07 14:16:21'),(83,19,2,'2004-09-19 18:26:19','2020-02-07 14:16:21'),(84,69,100,'2019-07-12 16:07:27','2020-02-07 14:16:21'),(85,88,92,'1986-05-31 00:10:22','2020-02-07 14:16:21'),(86,32,59,'2013-05-21 02:30:02','2020-02-07 14:16:21'),(87,95,17,'2008-08-08 02:59:40','2020-02-07 14:16:21'),(88,81,9,'1977-12-13 17:15:47','2020-02-07 14:16:21'),(89,17,93,'2011-04-02 16:04:49','2020-02-07 14:16:21'),(90,42,38,'1975-08-09 14:07:50','2020-02-07 14:16:21'),(91,57,9,'2001-10-19 02:10:55','2020-02-07 14:16:21'),(92,60,31,'1995-02-11 04:33:53','2020-02-07 14:16:21'),(93,29,26,'1996-11-11 19:51:03','2020-02-07 14:16:21'),(94,66,39,'2014-07-03 02:23:04','2020-02-07 14:16:21'),(95,40,17,'2001-09-24 23:31:42','2020-02-07 14:16:21'),(96,4,66,'1974-07-15 21:54:22','2020-02-07 14:16:21'),(97,97,78,'2013-03-17 06:13:11','2020-02-07 14:16:21'),(98,75,93,'1982-03-07 12:50:27','2020-02-07 14:16:21'),(99,81,29,'1983-01-23 11:39:49','2020-02-07 14:16:21'),(100,82,66,'2014-03-13 18:16:18','2020-02-07 14:16:21');
/*!40000 ALTER TABLE `likes` ENABLE KEYS */;
UNLOCK TABLES;

--
-- Table structure for table `media`
--

DROP TABLE IF EXISTS `media`;
/*!40101 SET @saved_cs_client     = @@character_set_client */;
/*!50503 SET character_set_client = utf8mb4 */;
CREATE TABLE `media` (
  `id` int unsigned NOT NULL AUTO_INCREMENT,
  `media_type_id` int unsigned NOT NULL,
  `user_id` int unsigned NOT NULL,
  `filename` varchar(255) CHARACTER SET utf8 COLLATE utf8_unicode_ci NOT NULL,
  `size` int NOT NULL,
  `metadata` longtext CHARACTER SET utf8mb4 COLLATE utf8mb4_bin,
  `created_at` datetime DEFAULT CURRENT_TIMESTAMP,
  `updated_at` datetime DEFAULT CURRENT_TIMESTAMP ON UPDATE CURRENT_TIMESTAMP,
  PRIMARY KEY (`id`)
) ENGINE=InnoDB AUTO_INCREMENT=101 DEFAULT CHARSET=utf8 COLLATE=utf8_unicode_ci;
/*!40101 SET character_set_client = @saved_cs_client */;

--
-- Dumping data for table `media`
--

LOCK TABLES `media` WRITE;
/*!40000 ALTER TABLE `media` DISABLE KEYS */;
INSERT INTO `media` VALUES (1,3,29,'https://dropbox/vk/file_45211746',45211746,'{\"owner\":\"Krystel Dickinson\"}','2007-08-27 18:03:34','2020-02-07 14:00:54'),(2,1,49,'https://dropbox/vk/file_549797078',549797078,'{\"owner\":\"Jordy Marvin\"}','1997-03-11 00:28:26','2020-02-07 14:00:54'),(3,3,60,'https://dropbox/vk/file_65254',65254,'{\"owner\":\"Wendell Steuber\"}','1991-05-31 23:10:43','2020-02-07 14:00:54'),(4,3,53,'https://dropbox/vk/file_64',64,'{\"owner\":\"Quentin Casper\"}','1982-01-27 04:37:13','2020-02-07 14:00:54'),(5,1,84,'https://dropbox/vk/file_46',46,'{\"owner\":\"Lois Pagac\"}','1989-02-27 04:36:01','2020-02-07 14:00:54'),(6,2,62,'https://dropbox/vk/file_824034',824034,'{\"owner\":\"Maureen Kub\"}','2016-01-08 08:56:02','2020-02-07 14:00:54'),(7,2,55,'https://dropbox/vk/file_10',10,'{\"owner\":\"Elsie Waelchi\"}','1991-11-10 18:43:43','2020-02-07 14:00:54'),(8,3,89,'https://dropbox/vk/file_56',56,'{\"owner\":\"Jordane Raynor\"}','1994-10-05 20:08:19','2020-02-07 14:00:54'),(9,3,78,'https://dropbox/vk/file_2',2,'{\"owner\":\"Marian Klocko\"}','2004-03-25 03:58:09','2020-02-07 14:00:54'),(10,1,23,'https://dropbox/vk/file_71972647',71972647,'{\"owner\":\"Wilmer Hilpert\"}','1972-06-14 21:59:09','2020-02-07 14:00:54'),(11,3,80,'https://dropbox/vk/file_11369',11369,'{\"owner\":\"Marian Klocko\"}','1988-06-21 00:57:22','2020-02-07 14:00:54'),(12,2,30,'https://dropbox/vk/file_168043885',168043885,'{\"owner\":\"Penelope Haley\"}','2007-03-31 21:02:31','2020-02-07 14:00:54'),(13,3,12,'https://dropbox/vk/file_43',43,'{\"owner\":\"Laverna Reinger\"}','2018-03-17 12:17:43','2020-02-07 14:00:54'),(14,2,69,'https://dropbox/vk/file_623871349',623871349,'{\"owner\":\"Wilmer Hilpert\"}','1997-12-08 14:50:53','2020-02-07 14:00:54'),(15,2,10,'https://dropbox/vk/file_58',58,'{\"owner\":\"Randi Moore\"}','1982-07-19 18:35:31','2020-02-07 14:00:54'),(16,2,40,'https://dropbox/vk/file_0',345643,'{\"owner\":\"Frederique Weimann\"}','1997-04-10 21:19:06','2020-02-06 15:44:13'),(17,1,69,'https://dropbox/vk/file_571597363',571597363,'{\"owner\":\"Amy O\'Hara\"}','1982-11-10 03:58:39','2020-02-07 14:00:54'),(18,3,24,'https://dropbox/vk/file_7',7,'{\"owner\":\"Arnold Casper\"}','1981-03-18 21:10:17','2020-02-07 14:00:54'),(19,3,11,'https://dropbox/vk/file_6119732',6119732,'{\"owner\":\"Kendrick Kautzer\"}','2011-06-16 20:53:53','2020-02-07 14:00:54'),(20,2,86,'https://dropbox/vk/file_0',345643,'{\"owner\":\"Boris Boehm\"}','1979-12-17 03:51:50','2020-02-07 14:00:54'),(21,1,94,'https://dropbox/vk/file_854371787',854371787,'{\"owner\":\"Krystel Dickinson\"}','1987-03-06 12:24:39','2020-02-07 14:00:54'),(22,3,12,'https://dropbox/vk/file_890966',890966,'{\"owner\":\"Quentin Casper\"}','1993-04-20 14:57:30','2020-02-07 14:00:54'),(23,2,80,'https://dropbox/vk/file_3853',3853,'{\"owner\":\"Annabelle Zulauf\"}','1993-12-22 01:42:02','2020-02-07 14:00:54'),(24,1,61,'https://dropbox/vk/file_41068',41068,'{\"owner\":\"Modesto Luettgen\"}','1995-05-22 15:19:11','2020-02-07 14:00:54'),(25,3,66,'https://dropbox/vk/file_0',345643,'{\"owner\":\"German Bins\"}','1991-07-13 14:57:28','2020-02-07 14:00:54'),(26,1,47,'https://dropbox/vk/file_3044225',3044225,'{\"owner\":\"Roscoe Walker\"}','1976-02-01 10:46:18','2020-02-07 14:00:54'),(27,2,36,'https://dropbox/vk/file_634132105',634132105,'{\"owner\":\"Laverna Reinger\"}','1985-04-25 03:01:35','2020-02-07 14:00:54'),(28,1,40,'https://dropbox/vk/file_4585328',4585328,'{\"owner\":\"Buddy Corwin\"}','2009-09-12 08:43:41','2020-02-07 14:00:54'),(29,3,89,'https://dropbox/vk/file_6167510',6167510,'{\"owner\":\"Arnold Casper\"}','2003-06-13 13:18:59','2020-02-07 14:00:54'),(30,2,27,'https://dropbox/vk/file_9485851',9485851,'{\"owner\":\"Genesis Bergnaum\"}','2015-02-21 10:17:20','2020-02-07 14:00:54'),(31,1,66,'https://dropbox/vk/file_57929',57929,'{\"owner\":\"Jordane Raynor\"}','1990-05-05 23:08:39','2020-02-07 14:00:54'),(32,3,49,'https://dropbox/vk/file_9',9,'{\"owner\":\"Adrianna Mraz\"}','2009-01-09 04:01:07','2020-02-07 14:00:54'),(33,2,45,'https://dropbox/vk/file_81',81,'{\"owner\":\"Lambert Spencer\"}','2003-01-19 22:33:46','2020-02-07 14:00:54'),(34,1,79,'https://dropbox/vk/file_3',3,'{\"owner\":\"Liana Hudson\"}','1980-01-15 19:17:13','2020-02-07 14:00:54'),(35,1,60,'https://dropbox/vk/file_2702966',2702966,'{\"owner\":\"Dan Wilkinson\"}','2010-06-16 21:37:14','2020-02-07 14:00:54'),(36,3,62,'https://dropbox/vk/file_512',512,'{\"owner\":\"Sonny Stracke\"}','1983-03-25 21:26:38','2020-02-07 14:00:54'),(37,1,29,'https://dropbox/vk/file_251488932',251488932,'{\"owner\":\"Liana Hudson\"}','1998-10-18 02:38:09','2020-02-07 14:00:54'),(38,2,58,'https://dropbox/vk/file_63',63,'{\"owner\":\"Berenice Walsh\"}','1998-08-16 06:01:29','2020-02-07 14:00:54'),(39,1,4,'https://dropbox/vk/file_657808395',657808395,'{\"owner\":\"Elsie Waelchi\"}','1993-02-07 12:56:46','2020-02-07 14:00:54'),(40,1,46,'https://dropbox/vk/file_407',407,'{\"owner\":\"Lupe Littel\"}','1976-06-08 07:08:04','2020-02-06 15:44:13'),(41,3,15,'https://dropbox/vk/file_9',9,'{\"owner\":\"Rafael Wiegand\"}','1995-07-18 08:10:35','2020-02-06 15:44:13'),(42,1,37,'https://dropbox/vk/file_91',91,'{\"owner\":\"Elsie Waelchi\"}','1975-03-02 14:46:17','2020-02-07 14:00:54'),(43,1,41,'https://dropbox/vk/file_0',345643,'{\"owner\":\"Roscoe Walker\"}','1981-04-30 12:22:19','2020-02-07 14:00:54'),(44,3,92,'https://dropbox/vk/file_92',92,'{\"owner\":\"Ayla Kovacek\"}','2005-11-12 01:08:38','2020-02-07 14:00:54'),(45,2,36,'https://dropbox/vk/file_7',7,'{\"owner\":\"Laverna Reinger\"}','2005-03-12 10:14:30','2020-02-07 14:00:54'),(46,1,4,'https://dropbox/vk/file_916',916,'{\"owner\":\"Frederique Weimann\"}','1974-09-19 07:05:04','2020-02-07 14:00:54'),(47,1,12,'https://dropbox/vk/file_91983779',91983779,'{\"owner\":\"Vella Hauck\"}','2004-05-29 20:27:42','2020-02-07 14:00:54'),(48,3,48,'https://dropbox/vk/file_0',345643,'{\"owner\":\"Earl Murazik\"}','1993-06-30 20:37:08','2020-02-07 14:00:54'),(49,3,3,'https://dropbox/vk/file_711068976',711068976,'{\"owner\":\"Adrianna Marks\"}','1994-11-10 12:46:16','2020-02-07 14:00:54'),(50,3,68,'https://dropbox/vk/file_314007',314007,'{\"owner\":\"Aurelie Carter\"}','2004-06-16 17:16:52','2020-02-07 14:00:54'),(51,1,34,'https://dropbox/vk/file_4763',4763,'{\"owner\":\"Cortez Koelpin\"}','1975-10-10 10:46:38','2020-02-07 14:00:54'),(52,2,65,'https://dropbox/vk/file_6109',6109,'{\"owner\":\"Frederique Weimann\"}','2011-03-05 01:22:17','2020-02-07 14:00:54'),(53,3,21,'https://dropbox/vk/file_93353347',93353347,'{\"owner\":\"Verna Wuckert\"}','2002-03-31 05:07:45','2020-02-07 14:00:54'),(54,3,11,'https://dropbox/vk/file_5',5,'{\"owner\":\"Coty Quitzon\"}','1971-07-09 10:54:24','2020-02-07 14:00:54'),(55,3,90,'https://dropbox/vk/file_928',928,'{\"owner\":\"Annabelle Zulauf\"}','1981-08-23 01:36:53','2020-02-07 14:00:54'),(56,3,18,'https://dropbox/vk/file_0',345643,'{\"owner\":\"Karelle Mertz\"}','2007-11-01 06:39:24','2020-02-07 14:00:54'),(57,1,18,'https://dropbox/vk/file_255968',255968,'{\"owner\":\"Ayla Kovacek\"}','1977-09-29 03:42:44','2020-02-07 14:00:54'),(58,1,36,'https://dropbox/vk/file_1',1,'{\"owner\":\"Randi Moore\"}','1976-01-21 13:47:11','2020-02-07 14:00:54'),(59,2,25,'https://dropbox/vk/file_329028',329028,'{\"owner\":\"Monserrat Stehr\"}','1992-07-31 11:26:20','2020-02-07 14:00:54'),(60,1,16,'https://dropbox/vk/file_0',345643,'{\"owner\":\"Penelope Haley\"}','2004-02-13 02:49:42','2020-02-07 14:00:54'),(61,2,4,'https://dropbox/vk/file_794447',794447,'{\"owner\":\"Gillian Rutherford\"}','1972-04-05 08:31:15','2020-02-07 14:00:54'),(62,2,74,'https://dropbox/vk/file_75',75,'{\"owner\":\"Abagail O\'Kon\"}','1993-06-01 06:57:11','2020-02-07 14:00:54'),(63,2,57,'https://dropbox/vk/file_952',952,'{\"owner\":\"Madison Erdman\"}','2002-06-21 04:19:15','2020-02-07 14:00:54'),(64,1,60,'https://dropbox/vk/file_6900',6900,'{\"owner\":\"Jaime Beatty\"}','2015-09-28 13:28:12','2020-02-07 14:00:54'),(65,1,32,'https://dropbox/vk/file_0',345643,'{\"owner\":\"Quentin Casper\"}','2016-04-27 07:30:56','2020-02-07 14:00:54'),(66,1,76,'https://dropbox/vk/file_3244',3244,'{\"owner\":\"Rafael Wiegand\"}','2009-03-15 10:20:57','2020-02-07 14:00:54'),(67,1,86,'https://dropbox/vk/file_77346',77346,'{\"owner\":\"Amy O\'Hara\"}','1984-12-24 05:19:55','2020-02-07 14:00:54'),(68,2,3,'https://dropbox/vk/file_67',67,'{\"owner\":\"Briana Bayer\"}','1978-12-09 19:13:37','2020-02-07 14:00:54'),(69,2,53,'https://dropbox/vk/file_36620',36620,'{\"owner\":\"Randi Moore\"}','2004-06-29 23:28:23','2020-02-07 14:00:54'),(70,1,58,'https://dropbox/vk/file_729830195',729830195,'{\"owner\":\"Maureen Kub\"}','1975-11-10 08:42:00','2020-02-07 14:00:54'),(71,2,28,'https://dropbox/vk/file_33',33,'{\"owner\":\"Annabelle Zulauf\"}','1971-12-20 12:54:26','2020-02-07 14:00:54'),(72,3,68,'https://dropbox/vk/file_185545285',185545285,'{\"owner\":\"Lily Koepp\"}','1978-10-15 00:21:10','2020-02-07 14:00:54'),(73,1,55,'https://dropbox/vk/file_563',563,'{\"owner\":\"Cecilia Bogisich\"}','1984-05-24 19:15:43','2020-02-07 14:00:54'),(74,2,70,'https://dropbox/vk/file_54555',54555,'{\"owner\":\"Lambert Spencer\"}','2018-08-30 15:45:34','2020-02-07 14:00:54'),(75,2,85,'https://dropbox/vk/file_1326',1326,'{\"owner\":\"Dashawn Conn\"}','1983-06-28 17:17:31','2020-02-07 14:00:54'),(76,2,15,'https://dropbox/vk/file_7567179',7567179,'{\"owner\":\"Briana Bayer\"}','1983-12-29 02:56:52','2020-02-07 14:00:54'),(77,2,21,'https://dropbox/vk/file_420',420,'{\"owner\":\"Rogers Kihn\"}','1989-11-08 08:55:24','2020-02-07 14:00:54'),(78,1,58,'https://dropbox/vk/file_8220',8220,'{\"owner\":\"Kirk Hettinger\"}','1985-10-23 09:10:23','2020-02-07 14:00:54'),(79,2,25,'https://dropbox/vk/file_63097603',63097603,'{\"owner\":\"Rogers Kihn\"}','1997-07-23 18:38:52','2020-02-07 14:00:54'),(80,2,50,'https://dropbox/vk/file_8',8,'{\"owner\":\"Lily Koepp\"}','2015-10-01 03:20:54','2020-02-07 14:00:54'),(81,3,75,'https://dropbox/vk/file_21',21,'{\"owner\":\"Linnea Pfeffer\"}','1987-12-17 13:02:19','2020-02-07 14:00:54'),(82,3,27,'https://dropbox/vk/file_4506723',4506723,'{\"owner\":\"Aurelie Carter\"}','1975-12-01 09:00:13','2020-02-06 15:44:13'),(83,3,7,'https://dropbox/vk/file_60039210',60039210,'{\"owner\":\"Coty Quitzon\"}','2017-11-26 03:11:29','2020-02-07 14:00:54'),(84,1,56,'https://dropbox/vk/file_76631',76631,'{\"owner\":\"Keyshawn Bergstrom\"}','1989-02-13 07:41:24','2020-02-07 14:00:54'),(85,3,59,'https://dropbox/vk/file_198661',198661,'{\"owner\":\"Adrianna Mraz\"}','2001-12-06 23:37:24','2020-02-07 14:00:54'),(86,1,24,'https://dropbox/vk/file_80064',80064,'{\"owner\":\"Stanford Weimann\"}','2010-07-08 20:53:44','2020-02-07 14:00:54'),(87,3,43,'https://dropbox/vk/file_265187',265187,'{\"owner\":\"Meta Langosh\"}','1979-09-06 11:26:30','2020-02-07 14:00:54'),(88,2,43,'https://dropbox/vk/file_694896',694896,'{\"owner\":\"Margarette Hamill\"}','1983-09-18 09:03:30','2020-02-07 14:00:54'),(89,2,87,'https://dropbox/vk/file_45',45,'{\"owner\":\"Quentin Casper\"}','2013-07-31 19:09:22','2020-02-07 14:00:54'),(90,3,4,'https://dropbox/vk/file_724159',724159,'{\"owner\":\"Brittany Muller\"}','2010-09-14 21:17:45','2020-02-07 14:00:54'),(91,1,57,'https://dropbox/vk/file_669',669,'{\"owner\":\"Briana Bayer\"}','1976-12-24 23:23:04','2020-02-07 14:00:54'),(92,3,74,'https://dropbox/vk/file_99173',99173,'{\"owner\":\"Coty Quitzon\"}','1987-03-23 05:27:40','2020-02-07 14:00:54'),(93,1,98,'https://dropbox/vk/file_4',4,'{\"owner\":\"Wava Heaney\"}','1970-06-26 07:14:34','2020-02-07 14:00:54'),(94,2,66,'https://dropbox/vk/file_0',345643,'{\"owner\":\"Rae Johns\"}','1977-03-22 04:52:20','2020-02-07 14:00:54'),(95,1,39,'https://dropbox/vk/file_8490',8490,'{\"owner\":\"Liana Hudson\"}','2007-08-26 05:27:46','2020-02-07 14:00:54'),(96,3,93,'https://dropbox/vk/file_636956078',636956078,'{\"owner\":\"Rafael Wiegand\"}','2000-10-30 21:45:32','2020-02-07 14:00:54'),(97,2,50,'https://dropbox/vk/file_68',68,'{\"owner\":\"Margarette Hamill\"}','2017-04-30 03:14:58','2020-02-07 14:00:54'),(98,3,68,'https://dropbox/vk/file_4',4,'{\"owner\":\"Buddy Corwin\"}','1992-07-13 02:19:42','2020-02-07 14:00:54'),(99,3,90,'https://dropbox/vk/file_0',345643,'{\"owner\":\"Hailey Streich\"}','2009-09-18 21:48:14','2020-02-07 14:00:54'),(100,3,46,'https://dropbox/vk/file_67342455',67342455,'{\"owner\":\"Berenice Walsh\"}','1979-03-10 12:40:09','2020-02-07 14:00:54');
/*!40000 ALTER TABLE `media` ENABLE KEYS */;
UNLOCK TABLES;

--
-- Table structure for table `media_types`
--

DROP TABLE IF EXISTS `media_types`;
/*!40101 SET @saved_cs_client     = @@character_set_client */;
/*!50503 SET character_set_client = utf8mb4 */;
CREATE TABLE `media_types` (
  `id` int unsigned NOT NULL AUTO_INCREMENT,
  `name` varchar(255) NOT NULL,
  PRIMARY KEY (`id`),
  UNIQUE KEY `name` (`name`)
) ENGINE=InnoDB AUTO_INCREMENT=4 DEFAULT CHARSET=utf8mb4 COLLATE=utf8mb4_0900_ai_ci;
/*!40101 SET character_set_client = @saved_cs_client */;

--
-- Dumping data for table `media_types`
--

LOCK TABLES `media_types` WRITE;
/*!40000 ALTER TABLE `media_types` DISABLE KEYS */;
INSERT INTO `media_types` VALUES (3,'audio'),(1,'photo'),(2,'video');
/*!40000 ALTER TABLE `media_types` ENABLE KEYS */;
UNLOCK TABLES;

--
-- Table structure for table `messages`
--

DROP TABLE IF EXISTS `messages`;
/*!40101 SET @saved_cs_client     = @@character_set_client */;
/*!50503 SET character_set_client = utf8mb4 */;
CREATE TABLE `messages` (
  `id` int unsigned NOT NULL AUTO_INCREMENT,
  `from_user_id` int unsigned NOT NULL,
  `to_user_id` int unsigned NOT NULL,
  `to_community_id` int unsigned DEFAULT NULL,
  `body` text CHARACTER SET utf8 COLLATE utf8_unicode_ci NOT NULL,
  `is_important` tinyint(1) DEFAULT NULL,
  `is_delivered` tinyint(1) DEFAULT NULL,
  `created_at` datetime DEFAULT CURRENT_TIMESTAMP,
  PRIMARY KEY (`id`)
) ENGINE=InnoDB AUTO_INCREMENT=101 DEFAULT CHARSET=utf8 COLLATE=utf8_unicode_ci;
/*!40101 SET character_set_client = @saved_cs_client */;

--
-- Dumping data for table `messages`
--

LOCK TABLES `messages` WRITE;
/*!40000 ALTER TABLE `messages` DISABLE KEYS */;
INSERT INTO `messages` VALUES (1,53,63,NULL,'Veniam a maxime in dolores omnis quaerat molestiae. Quia vel aut sunt alias incidunt eos. Sed eos rerum perferendis tenetur. Similique dolores voluptas eos numquam sequi in consequatur laudantium.',0,0,'2014-06-14 11:10:46'),(2,58,100,NULL,'Vel laborum aut voluptatem vero tenetur officiis aliquam nisi. Est ut et nesciunt sed. Sit eveniet voluptatem facere eum ullam. Accusamus et unde sed nam.',0,1,'1986-03-07 12:20:08'),(3,26,27,NULL,'Labore sapiente laborum eos voluptas tenetur nisi et. Similique dolorum incidunt eum aut architecto.',1,1,'1989-10-29 10:00:50'),(4,60,17,NULL,'Illum ea qui necessitatibus eos omnis neque impedit reiciendis. Molestiae error rerum quaerat et. Commodi eligendi pariatur quia nihil consequatur modi. Atque beatae rem dolorem quaerat est. Officiis cum minima eius culpa accusamus.',1,0,'1989-03-15 05:11:48'),(5,6,78,NULL,'Natus neque consequatur vitae. Fugit voluptatem architecto ullam consequatur voluptatibus magni ex. Iure eum iste qui odit aut consequuntur consequatur. Aut distinctio sit id dolorem libero repellat corporis.',1,0,'2003-03-20 07:39:59'),(6,70,17,NULL,'Qui voluptate doloribus distinctio et. Quia soluta modi id corrupti quidem. Ratione distinctio fugiat asperiores nulla. Neque recusandae provident tenetur.',1,0,'1979-08-01 06:44:53'),(7,73,16,NULL,'Exercitationem eveniet atque est quam voluptatem. Odio ut voluptatem nesciunt voluptatem suscipit sapiente aspernatur. Similique est consequuntur vel quae labore.',0,1,'2009-07-23 15:56:32'),(8,60,53,NULL,'Nihil ut nostrum ut id adipisci culpa officiis quos. Totam explicabo ad illum beatae dolores. Voluptates beatae numquam tenetur consequuntur eius et dolorum. Ut fuga et ipsam.',1,0,'1982-06-11 05:51:45'),(9,81,49,NULL,'Earum et laboriosam consequatur vitae consectetur amet quisquam. Eos dolore repudiandae harum dicta commodi adipisci nemo. Voluptas hic corporis odio provident possimus aut neque. Officia iure sit omnis eos accusamus quod.',1,0,'2004-02-02 06:14:07'),(10,100,52,NULL,'Rerum illo vel dolorem et et et odit est. Dolor officia saepe totam nam labore impedit. Consequatur rem illo facere quos laudantium nam.',1,1,'1984-03-12 10:00:24'),(11,59,39,NULL,'Culpa eos sint placeat animi recusandae. Ad aut non velit et sit dolor enim. Quis deleniti ad voluptatem laborum vero.',0,1,'1989-10-18 16:08:47'),(12,19,76,NULL,'Id natus similique omnis quia quaerat. Pariatur corrupti dolorem accusantium officiis suscipit. Doloribus soluta quo sequi et aut odio. Sunt amet aut aspernatur molestiae corrupti autem possimus.',1,0,'1977-07-19 05:06:36'),(13,24,89,NULL,'Autem laborum unde ad reprehenderit soluta amet. Dolorum doloremque exercitationem qui provident. Reiciendis sint rem eum delectus quo tempore.',1,1,'1995-09-03 03:06:49'),(14,73,97,NULL,'Officia qui quasi at qui ea. Consequuntur sint incidunt sed rem rerum in. Magni impedit cum quae et ipsam doloremque. Qui vero quia harum laborum voluptate consequatur omnis minus.',1,0,'1983-05-21 00:34:30'),(15,65,36,NULL,'Molestiae rem unde itaque nobis a qui. Quas error qui fugit deserunt dolorum eos libero. Inventore vitae provident quam qui fugiat perspiciatis.',0,0,'2009-03-22 14:32:24'),(16,84,13,NULL,'Possimus sit sapiente debitis nam officiis. Molestiae ut provident beatae. Modi et sit inventore et molestiae velit in a.',0,1,'1994-05-25 13:31:35'),(17,10,13,NULL,'Et quisquam ut placeat voluptatum quia. Alias voluptatem ratione eum aut distinctio sit similique. Quidem sapiente odit sit excepturi aperiam. Corporis omnis voluptas quo blanditiis.',0,0,'2019-08-16 20:30:20'),(18,32,23,NULL,'Magni occaecati perspiciatis dolor saepe voluptas laboriosam. Sed unde possimus est. Ut ea hic et ut ab. Facere necessitatibus laborum aliquam in nemo sit veritatis. Temporibus ullam asperiores expedita placeat doloremque non dolore.',0,1,'2007-06-13 19:53:46'),(19,18,21,NULL,'Expedita natus vero enim corrupti. Aperiam mollitia molestiae quae quis quibusdam. Quis ratione unde eum voluptas cum quia.',1,1,'1988-03-08 01:13:13'),(20,50,88,NULL,'Minus similique repudiandae quibusdam vero laborum aut. In repudiandae soluta error temporibus atque. Debitis omnis dolorem et quo quo minus ut. Rerum voluptas reprehenderit voluptatem iste ut itaque voluptate. Nobis dicta dolore veritatis aut similique quaerat qui quia.',0,0,'2004-01-25 01:52:22'),(21,87,70,NULL,'Qui molestias autem magni corrupti. Consequatur veniam totam fugiat consequatur velit. Omnis omnis temporibus nisi fuga dolores cupiditate deleniti.',1,1,'1981-01-24 20:43:45'),(22,92,46,NULL,'Velit sit dignissimos quidem nostrum sit. Laboriosam rem repudiandae sit sed dolorum sit eos qui. Quisquam natus et exercitationem ea unde. Quam doloribus est reprehenderit. Error quos vitae reiciendis quibusdam.',1,1,'1994-11-17 04:15:19'),(23,55,37,NULL,'Labore eos et id eius nesciunt libero est. Assumenda voluptas sint rem quisquam eum alias omnis. Suscipit enim eveniet voluptates odit rem ut quo.',1,1,'2001-08-29 10:10:35'),(24,21,92,NULL,'Ut officia quasi pariatur aliquam voluptatem ut et. Vitae et est ea ut velit a sequi non. Mollitia minima voluptatibus ut omnis qui. Voluptatem et aut sit pariatur consequatur porro.',1,1,'2008-03-08 15:52:45'),(25,99,15,NULL,'Facilis reprehenderit possimus impedit vel est magni. Consequatur dolor rem nisi magni. Totam officia nesciunt porro sit fugit voluptas.',1,0,'2007-04-02 16:46:38'),(26,79,48,NULL,'Rem recusandae dolorum repudiandae sit perferendis quia et. Autem in dolorem voluptatem non distinctio harum. Qui vel atque consequuntur et voluptatem quos. Fuga assumenda eum esse sed et consequatur.',0,0,'2009-10-09 22:40:25'),(27,4,74,NULL,'Dicta ullam aut laborum omnis autem vel quia. Repellat voluptates delectus fugiat et id quod. Amet repudiandae dolorum libero quo dolorem. Molestiae voluptas eum facilis.',0,0,'2007-07-17 16:16:04'),(28,59,71,NULL,'Fuga in aut odit minus est est ipsum hic. Itaque quasi autem quibusdam consequuntur voluptas perspiciatis consequatur. Nulla ut nobis tempore assumenda atque autem qui. Dolor atque animi officiis sed necessitatibus qui.',1,0,'2006-12-09 11:52:56'),(29,76,69,NULL,'Tenetur et impedit eius qui dolor. Dolores doloribus est ratione neque harum sed velit sit. Excepturi recusandae repellendus aspernatur et. Quasi rem maiores et est.',0,1,'1999-06-30 08:53:36'),(30,15,68,NULL,'Qui suscipit et itaque accusantium ad nulla soluta. Quos tempora inventore quam corrupti ea qui quisquam. Laudantium aut est praesentium.',0,1,'1975-01-09 23:18:12'),(31,96,75,NULL,'Nisi est expedita et illum. Vero rerum voluptatum in cum.',0,0,'1973-08-06 23:25:34'),(32,88,12,NULL,'Omnis consequatur sunt in neque molestiae ut. Nobis nihil et nihil doloribus aut. Pariatur accusantium et temporibus voluptatem ex consequatur.',0,1,'2010-10-31 23:10:52'),(33,95,38,NULL,'Beatae reiciendis laboriosam dolor adipisci rerum doloremque. Aperiam qui aut doloremque unde natus occaecati.',1,0,'2015-08-14 14:47:53'),(34,4,9,NULL,'Vitae unde mollitia autem pariatur animi. Saepe quia nisi similique vero hic. Cupiditate vel odit voluptatem adipisci illum aspernatur quis culpa. Quidem sit qui numquam asperiores sapiente.',1,0,'2009-09-10 14:55:45'),(35,29,19,NULL,'Est et ipsum accusamus quis. Aliquam aut animi ea accusamus dolorem sit eaque. Voluptate et ipsum sit doloremque et eos aut. Id dolore amet iste at.',0,0,'1971-10-15 07:04:49'),(36,7,77,NULL,'Expedita rerum voluptatem fuga magnam praesentium. Et quis corporis necessitatibus commodi aut. Exercitationem ut totam suscipit consequuntur nisi cumque accusantium. Quas deleniti voluptas blanditiis ut optio.',1,1,'1973-11-06 21:52:42'),(37,62,81,NULL,'Sed illum velit nihil voluptatem modi quisquam amet est. Et vel quis ex consequatur consequatur a. Occaecati quia qui numquam est.',0,1,'1970-01-07 12:23:21'),(38,17,43,NULL,'Sunt ut est repellendus quia qui debitis. Sunt necessitatibus ut dolor est error eius cum nulla. Quo aperiam repellat aut quae occaecati aperiam.',0,0,'1976-03-13 17:42:17'),(39,65,93,NULL,'Consequatur ad voluptates optio eaque ipsa. Laudantium repellat sed voluptatem nostrum molestiae maiores voluptate. Non consequatur et veniam sint fugiat eligendi. Facere tenetur reiciendis id neque.',0,1,'2010-01-30 20:36:21'),(40,69,66,NULL,'Hic quaerat odio eligendi veniam velit. Vel nihil impedit voluptatem earum voluptatum. Sunt qui voluptatem placeat facere.',0,1,'1982-06-30 03:29:40'),(41,24,19,NULL,'Voluptatem porro nostrum rerum sapiente laborum aperiam. Quaerat qui autem eos voluptatibus. Ut quidem eum ea dicta aut in iusto quod.',1,0,'1984-10-04 13:26:30'),(42,25,67,NULL,'Nostrum doloremque et et et sed earum voluptatem. Dolores eaque quasi quaerat facilis aspernatur. Sapiente dolorem quam quo voluptatem.',1,1,'1998-08-07 04:07:20'),(43,61,2,NULL,'Pariatur reiciendis voluptas qui laborum. Quidem cupiditate quos sit et culpa. Totam quo ut ut voluptates et atque. Magnam nam error a quod cupiditate.',1,0,'1993-06-17 21:06:19'),(44,28,33,NULL,'Voluptatem assumenda aliquid nulla veritatis architecto consequatur. Aut consectetur quia dolore laborum. Eligendi expedita quas eius saepe deleniti.',0,1,'1976-01-21 14:47:52'),(45,81,3,NULL,'Et et itaque quam aliquam magnam beatae dolores non. Delectus corrupti voluptas non quo aut voluptates et numquam. Amet sed praesentium sint veniam dolorum velit. Totam et id qui nihil culpa minus delectus sunt.',0,0,'1986-05-05 04:00:29'),(46,73,56,NULL,'Rerum veritatis voluptatum eveniet reiciendis. Non quia sit quidem adipisci qui quo dolores. Voluptatem ratione deleniti sit voluptas blanditiis. Qui dolor quisquam tempora in voluptatum. Et eum tempore vel et veniam ut.',1,0,'1974-03-01 22:04:17'),(47,60,30,NULL,'Sed laboriosam a et adipisci ratione commodi quos rerum. Ea sit et eveniet accusantium et omnis officiis. Dicta velit eveniet nemo rerum quo porro.',0,0,'2002-07-18 23:20:32'),(48,70,60,NULL,'Aspernatur ad soluta omnis quos. Mollitia a autem quae aut sunt. Tempore id sed nihil.',0,1,'1974-04-23 01:09:48'),(49,91,75,NULL,'Repellat autem enim est. Omnis nihil voluptatem quod et possimus consequuntur. Molestias doloribus esse quis nisi ipsam ad. Velit sit sequi laboriosam facilis.',0,1,'1987-12-23 05:24:41'),(50,99,72,NULL,'Qui deleniti magni illo. Rem et eos quibusdam temporibus fuga consequuntur.',0,0,'1977-11-14 17:04:57'),(51,63,96,9,'Rerum accusamus officiis suscipit recusandae. Eligendi quod qui omnis odit voluptatem nihil reprehenderit. Aliquam voluptatem officiis et culpa consequatur. Blanditiis expedita illo et debitis sapiente.',0,1,'1985-04-21 13:15:06'),(52,91,66,6,'Est voluptatibus aliquam distinctio numquam fuga minima quaerat. Omnis quod sed quo dolore et. Consequatur earum necessitatibus enim facere. Magni et saepe repellendus vero ipsam mollitia. Ipsa eligendi quidem sed officiis non.',1,0,'1980-07-21 23:44:34'),(53,55,78,6,'Sint voluptatem doloribus aut voluptatem. Temporibus at deserunt quos suscipit. Consequatur eaque molestias aut est eaque eum reprehenderit.',1,0,'1989-10-07 13:03:56'),(54,23,82,10,'Molestiae et sint aut aperiam voluptas quia velit. Et sunt in aut voluptatum delectus neque nisi. Saepe ea veritatis quos maxime voluptas labore. Autem ipsum qui similique quam accusantium cupiditate perferendis nemo.',1,1,'2019-04-10 22:43:33'),(55,40,55,3,'Magni dolore aspernatur eos praesentium omnis unde ut. Est nemo voluptas qui fugit. Voluptatem quos enim tenetur. Porro eligendi saepe rerum adipisci dolorum deserunt.',0,0,'1971-01-12 08:13:40'),(56,52,97,3,'Expedita est neque ipsa quia excepturi sapiente iusto. Velit quia sed possimus. Enim ipsum qui et quo perferendis aut. Ea ut facere aut illum eum. Nihil sint vel perferendis quaerat iure.',0,0,'1975-04-08 21:33:52'),(57,28,49,5,'Dolorem esse libero laborum et dolor. Aut cupiditate ut corporis corrupti rem rerum est. Vitae ut possimus iste accusantium aspernatur.',0,0,'1979-01-08 00:16:38'),(58,60,52,5,'Modi placeat cupiditate numquam. Optio iusto fuga laboriosam ut neque ut maxime. Autem explicabo placeat ipsam magni est maxime est.',0,0,'2005-07-24 18:10:26'),(59,81,46,9,'Nihil libero et culpa dolores. Natus et voluptas magnam. Mollitia culpa fugiat voluptas voluptatem. Fugiat pariatur non sunt assumenda minima fuga.',1,1,'1995-07-15 06:57:31'),(60,88,2,9,'Distinctio officia tenetur vero velit sed in fugit. Qui consequatur quaerat quis cumque ex. Unde ipsam debitis nulla nihil vel. Est amet architecto facere perferendis.',0,0,'1971-05-11 06:58:53'),(61,46,21,7,'Perferendis aspernatur nobis libero vel cum unde sed. Voluptatem quaerat recusandae ad expedita. Veritatis ut tempore earum fugiat eius expedita pariatur.',0,1,'2000-09-01 14:47:55'),(62,67,73,10,'Sit pariatur fugiat sit consequatur ullam nesciunt. Est dolor aspernatur reprehenderit quos magnam voluptas et. Molestias illo dicta maxime et soluta.',0,0,'2010-06-02 22:48:13'),(63,64,98,6,'Qui repellendus adipisci nostrum mollitia tempora in aut. Et est et molestias est dolorum ducimus. Nisi ducimus sed eos eaque. Omnis tempora porro omnis ut ut sit.',1,1,'1971-08-16 21:33:30'),(64,99,99,9,'Provident odit labore iusto molestiae beatae. Sit sed eum facilis maiores ratione. Omnis consequatur modi blanditiis repellat.',1,1,'2015-10-23 20:24:54'),(65,99,96,9,'Laudantium numquam sint et assumenda officia aspernatur sed. Quaerat fugit qui et eligendi necessitatibus odio est. Aut quia a fuga ipsam animi laudantium iusto deleniti.',1,0,'1995-05-05 05:01:45'),(66,82,22,5,'Tempora veniam maiores culpa eos consequatur soluta impedit. Placeat tempore qui veniam vero unde at quas.',1,1,'2007-01-18 05:29:14'),(67,65,56,7,'Dolore labore sed doloremque beatae et. Saepe perspiciatis assumenda est qui unde eveniet ut. Quibusdam excepturi odio repudiandae eveniet.',0,1,'1984-04-13 10:20:10'),(68,85,57,1,'Vero doloremque non minus dicta autem. Laboriosam qui qui quo doloribus. Suscipit modi optio vitae quis velit. Minus aperiam nisi necessitatibus sed quisquam veniam recusandae omnis.',1,0,'1972-07-21 13:56:49'),(69,30,79,2,'Animi perspiciatis et alias reiciendis. Explicabo voluptates sunt et voluptatem. Commodi quasi itaque ut vel. Asperiores dignissimos eligendi consequuntur dicta omnis beatae et ratione.',1,0,'1994-02-09 16:50:01'),(70,3,77,NULL,'Voluptatem fuga et vitae ut reprehenderit iure. Accusantium placeat et quia qui. Nisi doloribus beatae autem animi et enim. Esse non autem optio quia.',1,1,'1974-09-01 12:44:06'),(71,77,52,NULL,'Eveniet voluptas nobis magnam quisquam. Architecto quas odio excepturi quae quam voluptas. Qui laborum ad et nemo placeat eum consequatur omnis.',0,1,'1975-08-07 10:19:08'),(72,29,89,NULL,'Quia tempora similique voluptates sint ut. Et reprehenderit doloremque provident. Sapiente consequatur velit laborum quaerat. Aut earum illo eaque tempora aliquid omnis.',1,0,'1989-09-14 12:15:53'),(73,57,18,NULL,'Enim distinctio dolorem laborum. Quos tenetur ut deserunt ea. Corrupti velit omnis numquam aperiam.',1,1,'1971-11-21 09:22:39'),(74,20,44,NULL,'Aspernatur nemo id optio totam modi. Praesentium aut error consequatur eum doloremque et est. Dignissimos at a ut quod a deleniti dignissimos repellat. Temporibus doloremque nisi itaque deserunt.',0,0,'1971-07-28 07:39:51'),(75,60,67,NULL,'Perspiciatis repellat eum voluptatem ducimus asperiores quasi aut delectus. Omnis quo libero nulla suscipit. Sequi autem perspiciatis rerum ut.',1,0,'1998-04-03 20:54:27'),(76,56,76,NULL,'Commodi officia cumque occaecati optio. Nulla quas quia earum consequatur. Sapiente quam qui veritatis aut nihil ab. Et assumenda veritatis odio accusamus neque laborum sequi ullam.',1,1,'2005-05-28 11:17:11'),(77,12,33,NULL,'Eligendi excepturi ipsum repellat modi. Veritatis non harum voluptatem corporis sunt. Maiores aliquam illum nihil aut minima aut pariatur.',0,0,'2010-01-17 20:55:54'),(78,26,30,NULL,'Veniam qui dolore error iusto doloremque. Quis consequatur ab sunt sed corrupti ullam. Quia commodi iste sapiente deleniti modi velit eum. Perferendis possimus consequatur nemo.',1,0,'2013-11-28 10:05:07'),(79,74,76,NULL,'Et repellendus quis et sit reprehenderit. Qui autem a eius consequatur harum at aut. Quam beatae iusto explicabo architecto.',1,1,'2015-10-15 19:50:21'),(80,61,77,NULL,'Aperiam ut nostrum repellendus aspernatur non dolorem. Ab culpa saepe molestiae in totam. Dolores animi aut tempora et sunt. Totam occaecati distinctio eveniet ullam facilis.',1,0,'2007-02-28 06:18:03'),(81,99,66,NULL,'Sequi beatae laboriosam exercitationem aut libero vitae. Sint libero et nihil. Molestias eveniet voluptatem ab praesentium.',1,1,'2004-05-07 09:47:55'),(82,30,50,NULL,'Possimus dicta labore id. Fugit similique illo aut aut. Qui ut et aut debitis.',1,0,'1984-06-04 22:57:50'),(83,63,63,NULL,'Est ex et minus qui enim et nostrum. Eum voluptatem mollitia sit et unde libero quis. Rerum non sunt optio beatae.',1,1,'1976-01-18 01:12:43'),(84,28,48,NULL,'Est aut non quasi. Quia eum animi similique illum inventore veritatis eius. Et magni non cumque totam. Est ut et voluptatem perspiciatis.',0,1,'2019-05-24 04:36:34'),(85,57,39,NULL,'Quod asperiores reiciendis corrupti qui quia. Quaerat quidem nihil odit qui. Velit officia at illum nulla. Ipsam non ratione nulla voluptatem ipsum in.',0,1,'2010-08-15 08:57:58'),(86,25,6,NULL,'Sunt facilis ratione illo. Tempore et architecto et et velit. Quibusdam rerum quaerat veniam soluta molestiae quasi. Dolorum aliquam nulla atque est.',1,0,'1992-03-28 21:22:21'),(87,56,59,NULL,'Delectus et officiis labore est. Optio laborum ullam vel et. Omnis molestiae labore culpa voluptatem aperiam velit.',0,0,'1982-01-11 00:26:33'),(88,28,61,NULL,'Consequuntur cumque eaque est esse provident. Aperiam quis omnis voluptatem vero. Eligendi eos adipisci molestiae minima porro. Quo culpa adipisci quibusdam esse dolore saepe.',0,0,'2010-03-22 05:13:38'),(89,21,20,NULL,'Quasi suscipit omnis deleniti in. Nesciunt blanditiis dignissimos id occaecati odio maxime. Sapiente dolorem sit tempore aliquam.',1,0,'2004-02-04 14:34:56'),(90,38,31,NULL,'Atque autem accusamus sit ducimus. Ullam suscipit odio placeat perferendis pariatur qui. Occaecati ea doloribus quisquam excepturi iusto veniam nihil.',1,0,'2007-11-24 05:32:07'),(91,41,9,NULL,'Aut error et omnis molestiae doloribus. Accusantium sunt non exercitationem ad. Rerum hic ipsum aut vel veniam sint laboriosam.',0,0,'1992-08-29 05:28:11'),(92,22,83,NULL,'Blanditiis consequatur consequatur sit magnam nesciunt ipsam aspernatur. Eos id enim commodi et. Excepturi iusto et voluptatibus porro ut assumenda.',1,1,'2004-06-15 04:54:10'),(93,50,1,NULL,'Minima rerum voluptate amet sequi possimus. Quas quas eveniet cum dolorum neque non aut. Qui aliquam veritatis dignissimos magni ullam. Voluptatibus nam sit officiis autem quos nesciunt.',0,1,'2017-11-11 01:06:20'),(94,54,66,NULL,'Voluptate non facilis architecto. Molestias dolorum quis ab soluta aspernatur magni quia.',0,0,'1981-07-04 04:45:23'),(95,68,39,NULL,'Repellat vero eos placeat molestias ullam aut. Provident porro alias et eum fugiat. Est qui voluptas laborum sed.',1,0,'2012-01-01 03:39:49'),(96,94,52,NULL,'Facere debitis magni asperiores cum. Commodi magnam tenetur consequatur consequuntur vitae omnis. Sunt non quaerat magnam facere ad magni nam. Asperiores repellat vitae aspernatur minus temporibus ex.',0,0,'1986-01-25 18:29:20'),(97,75,21,NULL,'Dolorum animi odio et dicta laboriosam non optio architecto. Molestias rem perferendis qui porro velit. Voluptate qui libero nulla.',0,0,'2003-01-28 16:00:53'),(98,80,34,NULL,'Asperiores laboriosam omnis dolorem ducimus unde quidem non. Et nesciunt et rerum voluptates voluptas. Nam et quis aliquam deleniti fuga molestias molestias.',0,0,'1974-01-15 16:43:17'),(99,29,45,NULL,'Velit doloribus sapiente fugit quo est. Qui est nihil incidunt eos. Nemo eveniet facilis id qui eum enim. Necessitatibus vel deserunt nemo labore nobis saepe eligendi.',0,1,'1980-11-01 14:34:53'),(100,34,38,NULL,'Recusandae quia et et et iste voluptatum rerum. Fugit repellat sequi accusantium quis velit. Qui voluptatem quia consectetur sit vel. Rerum quia magni suscipit nihil.',1,1,'1998-03-09 09:17:50');
/*!40000 ALTER TABLE `messages` ENABLE KEYS */;
UNLOCK TABLES;

--
-- Table structure for table `post`
--

DROP TABLE IF EXISTS `post`;
/*!40101 SET @saved_cs_client     = @@character_set_client */;
/*!50503 SET character_set_client = utf8mb4 */;
CREATE TABLE `post` (
  `id` int unsigned NOT NULL AUTO_INCREMENT,
  `media_id` int unsigned DEFAULT NULL,
  `user_id` int unsigned NOT NULL,
  `post` mediumtext CHARACTER SET utf8 COLLATE utf8_unicode_ci,
  `created_at` datetime DEFAULT CURRENT_TIMESTAMP,
  `updated_at` datetime DEFAULT CURRENT_TIMESTAMP ON UPDATE CURRENT_TIMESTAMP,
  PRIMARY KEY (`id`)
) ENGINE=InnoDB AUTO_INCREMENT=101 DEFAULT CHARSET=utf8 COLLATE=utf8_unicode_ci;
/*!40101 SET character_set_client = @saved_cs_client */;

--
-- Dumping data for table `post`
--

LOCK TABLES `post` WRITE;
/*!40000 ALTER TABLE `post` DISABLE KEYS */;
INSERT INTO `post` VALUES (1,74,61,'Non assumenda impedit doloremque enim modi. Quo occaecati commodi magnam vel atque est est animi. Deleniti consectetur ipsum id cupiditate tempore maxime.','1975-07-13 22:16:54','2020-02-07 14:03:13'),(2,19,66,'Consequuntur consequatur voluptatem error eum voluptatem quod itaque. Qui dicta voluptate aspernatur ratione non aut. Sunt sunt atque qui distinctio consequuntur voluptates ipsa.','1999-04-09 10:49:58','2020-02-07 14:03:13'),(3,76,45,'Autem et necessitatibus accusantium molestias et. Quam repellendus fugit eius consectetur occaecati id. Molestiae sed consequuntur officia provident rerum et quisquam.','1976-05-29 09:07:46','2020-02-07 14:03:13'),(4,19,29,'Fugit quam dolorum est ipsa. Qui officia officia nam maxime inventore aspernatur. Laboriosam et deleniti quia sit et in molestiae repellat. Nisi delectus deleniti ipsa ut illo suscipit quia.','1987-08-18 18:27:50','2020-02-07 14:03:13'),(5,70,7,'Dicta eum laboriosam culpa eos. Sint amet officiis ut dolor. Harum fuga et est rerum harum qui. Eligendi error optio sed. Incidunt assumenda qui et quod ducimus expedita.','2006-12-07 05:15:35','2020-02-07 14:03:13'),(6,90,49,'Aut repellendus omnis sed ipsum facere. Quia occaecati ratione voluptatem esse dolores impedit.','2016-05-18 08:12:28','2020-02-07 14:03:13'),(7,40,23,'Eos et explicabo quo repellat delectus nihil quasi. Eum illum et reprehenderit et ducimus deserunt. Suscipit odit est hic dolores. Accusamus et possimus repudiandae illum tempora.','2007-12-11 07:24:32','2020-02-07 14:03:13'),(8,29,68,'Et cum dicta numquam atque. Est quia voluptatem quia. Provident non et nesciunt aliquid inventore libero nobis. Enim et laborum voluptatem aut veniam et.','1976-10-23 12:03:40','2020-02-07 14:03:13'),(9,25,72,'Suscipit facilis ut mollitia sit temporibus sit. Laudantium aliquid alias voluptatem ex. Illum praesentium voluptas enim nemo quam libero magnam.','2011-06-06 15:41:20','2020-02-07 14:03:13'),(10,36,56,'Et vero odit sed cum voluptatem est. Ad et facere quis dolorem. Ea ut eveniet consectetur libero odio qui sunt.','1996-05-03 02:17:32','2020-02-07 14:03:13'),(11,7,61,'Beatae facere ea quis enim nobis. Est non voluptatibus ducimus non dolores. Voluptatem eum assumenda non voluptas voluptatem quia.','1975-01-15 04:49:12','2020-02-07 14:03:13'),(12,27,37,'Sequi odit mollitia et sint. Blanditiis amet molestiae ipsam dolorum sequi magnam distinctio iure. Ut aliquid alias tempora voluptatibus.','1975-05-16 15:31:24','2020-02-07 14:03:13'),(13,13,4,'Fugiat aut illo autem exercitationem aut odit optio. Dolores deserunt laudantium hic dolor nostrum est dolorum illum. Earum est non laudantium.','1985-09-22 09:47:51','2020-02-07 14:03:13'),(14,82,5,'Minus aut quia qui est. Voluptatem amet voluptatum iste excepturi quia voluptas. Quia et ex voluptatibus placeat saepe.','2006-01-05 05:35:05','2020-02-07 14:03:13'),(15,72,15,'Officia debitis sint in qui sed. Ut nam aut sunt maxime consequatur facilis. Molestias iste eos voluptatibus deleniti sequi.','1987-01-16 15:57:00','2020-02-07 14:03:13'),(16,13,60,'Totam ut saepe molestias dolorum libero. Itaque nihil incidunt exercitationem quo et. Et iusto accusantium quisquam molestias nam expedita alias.','2016-04-28 05:48:30','2020-02-07 14:03:13'),(17,48,54,'Tempora temporibus accusantium inventore quia repellendus. Et qui aperiam optio quo. Ratione id aspernatur eos.','2011-11-11 03:53:43','2020-02-07 14:03:13'),(18,100,88,'Aliquam velit quia dolore sint quidem. Recusandae nihil fuga ea non velit. Laborum molestiae laboriosam quis eum ut. Itaque et asperiores labore et aut quas.','1974-12-18 11:58:51','2020-02-07 14:03:13'),(19,55,78,'Maiores rerum velit quam modi omnis voluptatem eveniet. Soluta perferendis hic consequatur incidunt.','2003-09-25 14:11:35','2020-02-07 14:03:13'),(20,75,24,'Laboriosam occaecati qui blanditiis deserunt laborum delectus. Enim maiores ratione voluptatum necessitatibus et. Adipisci rem sunt voluptatum libero vel optio.','2015-07-10 03:53:27','2020-02-07 14:03:13'),(21,8,88,'Aspernatur quia quae aut necessitatibus. Cupiditate sequi quo iusto nobis praesentium. Et sapiente natus et eaque vero dolorum asperiores.','1977-08-03 06:23:22','2020-02-07 14:03:13'),(22,14,65,'Sint in voluptatem et exercitationem non et. Et nesciunt debitis quo molestias est. Quia sunt odio officia laborum. Delectus sint mollitia asperiores reprehenderit itaque officia.','2005-12-14 15:17:43','2020-02-07 14:03:13'),(23,46,62,'Tempore quis soluta ducimus placeat quaerat deserunt. Aspernatur molestias fugit ratione quaerat quia. Provident rerum doloremque sed. Id inventore ut et eius voluptates.','1988-03-05 12:18:36','2020-02-07 14:03:13'),(24,90,16,'Magnam consequatur deserunt sapiente nulla esse ratione neque. Rerum minus voluptas pariatur. Nemo esse odio facere illo commodi. Rerum et voluptatem aut laudantium.','1980-03-08 02:28:59','2020-02-07 14:03:13'),(25,9,91,'Sint sit est et temporibus. Nisi est quia animi itaque atque repellendus. Sint voluptates quo mollitia fugit velit.','1995-07-12 22:58:23','2020-02-07 14:03:13'),(26,74,8,'Illum animi ducimus aut aut eligendi nam blanditiis. Iure eaque veniam qui. Perferendis at eum iusto iure.','2019-06-14 04:27:42','2020-02-07 14:03:13'),(27,44,66,'Sunt et incidunt ipsum. Exercitationem necessitatibus porro vitae rerum et dolore. Enim iste nam praesentium qui earum quaerat. Est tempore cumque unde dolore porro qui.','1973-09-20 14:05:13','2020-02-07 14:03:13'),(28,95,4,'Numquam ut et rerum magnam. Eos nihil sit dolore. Nemo sit ut optio quae.','2013-05-27 00:59:13','2020-02-07 14:03:13'),(29,45,23,'Explicabo cum eligendi soluta assumenda laudantium cupiditate quia. Officia pariatur autem odio. Nesciunt ut sunt quaerat explicabo molestiae recusandae. Consequatur voluptatem officiis totam et hic.','2019-03-26 08:59:27','2020-02-07 14:03:13'),(30,39,2,'Laudantium voluptas et nisi. Fugit nihil distinctio delectus molestiae. Soluta error et quae aliquam dolores iste. Eos in ipsam quia sunt quisquam ut.','1983-01-05 19:31:57','2020-02-07 14:03:13'),(31,57,42,'Et molestiae totam et fugiat pariatur dolorem. Et tempore vel molestias quas sit consequatur illum. Dolor dolore repudiandae consectetur voluptas.','1984-02-03 17:01:21','2020-02-07 14:03:13'),(32,71,1,'Vitae vel voluptatem voluptatum. Reprehenderit amet eos inventore ipsa et perferendis iure. Et consequuntur commodi qui nisi.','1977-10-07 09:57:02','2020-02-07 14:03:13'),(33,83,78,'A ut eaque dignissimos rerum facilis aut. Eaque quam earum voluptatum. Qui sunt eveniet quos sint ut quibusdam. Itaque esse quibusdam et.','2012-02-19 08:01:40','2020-02-07 14:03:13'),(34,100,89,'Distinctio sequi ducimus harum consectetur aut. Omnis delectus quos aut earum. Hic doloremque harum aut. Nulla nesciunt expedita aspernatur veniam.','1985-01-05 04:20:42','2020-02-07 14:03:13'),(35,51,10,'Unde eos possimus ex fuga est. Ut quos eum qui aliquid voluptatem. Non facere quae hic animi eius consequatur. Sit ut ipsum ea itaque voluptatem iste.','1991-11-30 16:08:38','2020-02-07 14:03:13'),(36,56,81,'Excepturi alias delectus ut totam qui vel. Tempora facilis itaque magnam consectetur dolorum quos.\nId ea nulla delectus fugiat. Unde laborum nihil sint et odio esse quo. Quas ut illum omnis et.','2007-09-21 14:40:22','2020-02-07 14:03:13'),(37,25,76,'Incidunt asperiores modi ducimus eaque sint ducimus blanditiis. Omnis consequatur corrupti voluptatibus impedit quo. Omnis consequatur saepe atque dignissimos natus.','1990-07-17 04:10:13','2020-02-07 14:03:13'),(38,57,38,'Ea possimus aut soluta est sint aut. Tenetur architecto est odio. Veniam fuga magnam occaecati nihil aut. Nihil numquam corporis fugit et possimus. Iure perferendis eum quae nobis ad.','1984-08-02 01:59:27','2020-02-07 14:03:13'),(39,10,58,'Nostrum voluptates incidunt eum dolorum placeat. Nam iure voluptate beatae magni voluptatem et voluptatum. Error est qui repudiandae et odit ullam labore.','2008-06-11 10:47:35','2020-02-07 14:03:13'),(40,77,78,'Omnis totam fugit a fugiat et. Numquam repudiandae repudiandae dolore praesentium eum repellat. Ipsum alias quasi error deleniti explicabo exercitationem non.','2015-10-02 15:11:14','2020-02-07 14:03:13'),(41,57,15,'Ad alias explicabo velit aut. Qui consequatur et est dolores ad qui. Et explicabo qui dolor qui recusandae distinctio. Dolorum incidunt molestiae iusto.','1978-09-04 02:03:12','2020-02-07 14:03:13'),(42,54,39,'Nesciunt voluptatem quis fugit quia nesciunt doloremque dignissimos non. Odit iure voluptatum non illo voluptate ipsum. Earum aut assumenda ex vitae.','1976-09-24 14:41:49','2020-02-07 14:03:13'),(43,96,51,'Ut quaerat repellendus omnis et minima consequuntur. Vel voluptatem ducimus ipsa dolores quo. Harum sit impedit totam qui maxime ipsam officia.','2014-10-09 22:34:36','2020-02-07 14:03:13'),(44,20,38,'Illo sed sed in pariatur illo debitis qui. Culpa quaerat nobis impedit rerum. Hic aut dolores voluptatibus sit vel voluptatem.','1996-02-25 12:48:17','2020-02-07 14:03:13'),(45,12,36,'Sed in aspernatur explicabo. Vel esse dolorem iusto distinctio suscipit doloribus. Incidunt tenetur velit nisi voluptatem. Optio optio odit nisi saepe fuga adipisci.','1971-07-07 08:02:19','2020-02-07 14:03:13'),(46,100,65,'Quia aperiam voluptatem est voluptatem. Dolorem qui magni explicabo. Et nisi numquam rerum nemo consequatur qui. Quas molestiae qui id et voluptates iure doloribus.','1999-04-23 19:31:58','2020-02-07 14:03:13'),(47,62,16,'Suscipit voluptas molestiae et eligendi possimus esse pariatur. Sint sequi neque error accusamus eius. In consequuntur animi optio voluptas. Ea iste nulla optio rerum.','2005-02-17 02:58:06','2020-02-07 14:03:13'),(48,11,83,'Facere blanditiis adipisci ut modi cum dolore. Hic consequatur unde cumque. Optio alias ut assumenda dicta et. Veritatis et a quis quos nulla est molestias.','1973-07-12 22:39:31','2020-02-07 14:03:13'),(49,67,70,'Aliquid ullam nihil accusamus nihil. Ducimus recusandae ex explicabo quasi ratione blanditiis qui aliquam.','1995-07-26 18:57:15','2020-02-07 14:03:13'),(50,4,98,'Labore quas vitae eum nisi voluptates consequatur aut. Repellendus commodi illo iusto eaque beatae unde. Aut qui earum laborum eaque odio.','1989-11-30 07:30:44','2020-02-07 14:03:13'),(51,16,81,'Temporibus et aut dignissimos et et. Modi quaerat quo inventore illum. Modi et omnis quas non soluta quo ut vitae. Quia rem ut quasi.','2004-05-22 12:32:27','2020-02-07 14:03:13'),(52,68,11,'Doloremque et voluptas qui. Cum asperiores voluptatem omnis quia enim minus. Asperiores asperiores et et. Quam magnam doloremque rerum eaque dignissimos ratione qui.','2001-10-21 18:22:04','2020-02-07 14:03:13'),(53,94,11,'Itaque repudiandae pariatur aut nobis quia voluptatem. Minus delectus aspernatur iusto nobis est id harum. Omnis rerum incidunt aut et. Vero consectetur tempore molestiae aut ea.','1979-04-12 01:46:10','2020-02-07 14:03:13'),(54,62,22,'Possimus deserunt illo autem et. Mollitia qui dolores est aut. Inventore ducimus possimus unde aliquam aperiam.','2018-11-15 09:21:24','2020-02-07 14:03:13'),(55,29,78,'Aut libero voluptatem eos quia distinctio quis. Sed aut minus omnis dignissimos. Nostrum officia qui at maiores modi illum.','1976-09-26 14:47:31','2020-02-07 14:03:13'),(56,60,21,'Quia omnis vitae tempora nihil sapiente. Voluptatem qui distinctio quaerat sint odio. Velit necessitatibus omnis incidunt similique et molestiae sunt alias. Illum nihil quo provident ut et qui.','1990-06-25 23:29:48','2020-02-07 14:03:13'),(57,12,71,'Suscipit aperiam vel minima dolorum minus labore. Qui libero atque dolor et. Doloremque tempora omnis est quisquam vero omnis itaque dolor. Consequatur quia enim laboriosam ea.','1982-08-25 08:05:33','2020-02-07 14:03:13'),(58,78,90,'Quasi vel voluptas beatae sed. Sint soluta pariatur earum quas velit voluptatem. Quod eum blanditiis fugit molestiae consequatur facere quos.','2010-04-22 15:03:59','2020-02-07 14:03:13'),(59,52,38,'Qui occaecati voluptates nostrum est minima. Animi voluptatem consectetur impedit iusto quia nemo. Et et qui facere et ducimus mollitia sit.','2004-01-31 03:46:21','2020-02-07 14:03:13'),(60,28,18,'Non deleniti vitae ipsam rerum qui. Quidem beatae tenetur impedit et ea odit temporibus. Vero similique odit ratione consequatur.','2012-05-07 06:46:08','2020-02-07 14:03:13'),(61,84,75,'Id qui voluptas ipsa iusto ullam laudantium. Debitis voluptates reiciendis ut harum. Dolores repellat aut ratione quibusdam corporis praesentium.','2005-12-30 20:20:02','2020-02-07 14:03:13'),(62,36,21,'Architecto sint dolores voluptatem ea est a molestiae. Nihil beatae minus non laborum pariatur ut aliquam est. Repellendus ut minus corrupti et omnis cumque iste. Nobis et labore tempora enim.','2014-08-09 22:02:48','2020-02-07 14:03:13'),(63,28,78,'In consequatur cupiditate distinctio tempore nemo. Dolorem error minima error dolorem nulla et aut. Voluptatem laboriosam error ut porro.','1993-05-05 23:20:50','2020-02-07 14:03:13'),(64,29,28,'Saepe soluta culpa repellat sit. Saepe consectetur rerum quo fugiat eum qui. Inventore voluptatem delectus vero iusto non sint repellat libero. A quia explicabo quod labore.','1981-08-29 13:34:29','2020-02-07 14:03:13'),(65,61,4,'Ex aspernatur eos nisi. Culpa repudiandae est officia aut magni at non sed. Ab necessitatibus magni autem quidem possimus repellat rerum.','2002-09-10 11:54:14','2020-02-07 14:03:13'),(66,18,35,'Veritatis necessitatibus velit ut voluptatem sed nisi. Laboriosam sapiente sed fugiat voluptates ipsam eius quia ut. Consequatur optio qui aliquid saepe.','2018-08-06 11:07:41','2020-02-07 14:03:13'),(67,5,61,'Nobis occaecati laboriosam quos debitis minima nulla. Et et qui sapiente id autem veritatis sunt. Sequi nisi accusamus suscipit debitis quod ut.','1992-11-07 05:15:33','2020-02-07 14:03:13'),(68,71,3,'Optio amet voluptatem ut et temporibus asperiores sunt minima. Illo hic velit fugiat a. Animi ut sed non ullam. Id praesentium omnis ut.','2014-04-15 21:11:47','2020-02-07 14:03:13'),(69,40,31,'Veniam quis iusto sed omnis. Quos reprehenderit aut aut a neque. Perspiciatis perferendis cum consequatur ipsa ut sunt est.','1989-04-04 06:19:42','2020-02-07 14:03:13'),(70,84,45,'Ut distinctio molestiae ipsum laborum quo nostrum fuga dolorem. Aut ut non nam.','1977-05-11 19:20:36','2020-02-07 14:03:13'),(71,3,31,'Et eligendi deserunt eos voluptatem rerum in sit. Pariatur tempora ullam occaecati voluptas quod maiores. Aut suscipit officiis voluptatem velit beatae nihil necessitatibus.','1990-03-06 16:45:50','2020-02-07 14:03:13'),(72,60,19,'Labore aut repellat rem eligendi neque nihil. Inventore consequatur magni itaque ut. Et laborum enim optio culpa eius illum iste. Laudantium est et similique dignissimos fugiat ipsa aut.','1975-12-16 20:26:18','2020-02-07 14:03:13'),(73,90,4,'Placeat qui id est ut occaecati. Ut nihil doloremque sit culpa quibusdam. Nisi voluptatibus commodi ut laboriosam magnam quia. Aliquid voluptatibus qui eum et ab quasi sint.','1994-01-21 07:54:01','2020-02-07 14:03:13'),(74,73,61,'Magni nulla tempore maiores non magni. Velit at omnis et voluptatem et nesciunt. Est veniam et repellat cumque. Sint numquam pariatur esse ex.','2009-04-05 22:47:31','2020-02-07 14:03:13'),(75,91,95,'Distinctio et in vel repellendus. Quis est dolorum fugit dolor occaecati. Labore nihil modi molestias nihil. Velit laboriosam sit ut autem.','2011-10-10 12:53:33','2020-02-07 14:03:13'),(76,36,89,'Dolorem ea quo corporis explicabo soluta itaque ut. At eos quia perferendis illum distinctio. Voluptas earum commodi dolorem qui.','2002-06-14 02:31:13','2020-02-07 14:03:13'),(77,5,58,'Sint voluptate dolores qui ad. Quis illo error quis nobis non. Suscipit magnam consequatur dicta sunt. At eos quis corporis facilis suscipit sequi.','1975-06-14 22:28:54','2020-02-07 14:03:13'),(78,20,25,'Praesentium dicta qui similique officia sed autem in. Exercitationem est ipsum ipsum omnis. Vel consequatur nam non qui molestias rerum. Non labore necessitatibus tenetur sed blanditiis.','2008-03-16 09:27:24','2020-02-07 14:03:13'),(79,82,50,'Eum molestias ducimus dolor enim. Sed voluptas perferendis harum repellendus. Dolorem voluptatem aut accusantium placeat deleniti nam. Quisquam vero modi quibusdam explicabo voluptas velit dolor non.','2014-05-21 20:33:08','2020-02-07 14:03:13'),(80,52,73,'Occaecati distinctio quod nisi qui nihil. Consequatur mollitia odit eum. Quaerat dolores doloribus in reprehenderit dolore velit numquam error. Temporibus eius sunt voluptatum perspiciatis.','1997-03-10 21:33:23','2020-02-07 14:03:13'),(81,13,17,'Aut sunt voluptatem qui quia aut ratione. Quia dolorem ut sint in et fugiat quia laudantium. Eos temporibus quo molestias distinctio nisi. Earum sed facere et et expedita.','2017-11-30 13:30:14','2020-02-07 14:03:13'),(82,8,65,'Quia voluptates cumque inventore nemo sapiente. Nihil fugiat eum beatae nobis corrupti ea sit. Ad nostrum quam voluptatem beatae provident.','2015-07-19 15:13:10','2020-02-07 14:03:13'),(83,99,75,'Ut qui esse impedit esse. Repellat quia quas possimus odio quos aut ut. Culpa ut id est sapiente. Ducimus nulla nulla nisi necessitatibus quaerat eligendi ipsa.','1984-12-18 09:29:58','2020-02-07 14:03:13'),(84,70,76,'Dolorem aut earum magni distinctio. Voluptas culpa earum deleniti eum totam accusantium. Adipisci fugit nihil quo ducimus et aliquam.','1996-08-02 01:28:40','2020-02-07 14:03:13'),(85,54,57,'Quaerat distinctio dolores eius et optio sed quibusdam. Dolores doloremque consequuntur est voluptas nobis nemo. Voluptatem perspiciatis odio quia. Non totam qui quaerat aut cupiditate dignissimos.','1980-10-21 11:14:25','2020-02-07 14:03:13'),(86,60,57,'Dolor dolorem voluptatem qui voluptas. Ad blanditiis aut vitae itaque molestiae. Est quos maiores aperiam explicabo et.','1991-02-10 11:48:11','2020-02-07 14:03:13'),(87,39,11,'Dolorem consectetur harum ex cum ut. Quos officia sint omnis repellat. Aut sint nulla qui qui dolorem omnis atque. Ipsa et rem sed. Quis et est doloribus repudiandae laboriosam est consectetur.','1995-02-23 13:11:56','2020-02-07 14:03:13'),(88,12,86,'Dolor iusto omnis harum pariatur consequatur rerum. Quia omnis et omnis.','2007-09-28 08:25:43','2020-02-07 14:03:13'),(89,44,93,'Et nostrum est rerum ut. Aperiam dolores quisquam enim voluptatem fuga sequi. Omnis impedit incidunt maiores.','1997-11-18 23:36:24','2020-02-07 14:03:13'),(90,84,10,'Fugiat natus illo ea dolorem. At sunt qui alias ducimus eum velit temporibus. Voluptates harum voluptatem odio a aut ipsa placeat.','2008-01-19 09:04:27','2020-02-07 14:03:13'),(91,86,71,'Officiis qui ut sed aut. Quia est aliquam et et at. Consequatur officia velit hic aut qui molestiae magni.','2020-01-17 17:42:29','2020-02-07 14:03:13'),(92,78,24,'Consequatur maiores suscipit sint est animi a. Vel voluptatum atque qui ab doloremque sed eum. Inventore repellat et soluta sed eos.','1997-02-10 13:06:33','2020-02-07 14:03:13'),(93,29,5,'Et consequuntur quia consequatur quidem aut dolor. Autem est voluptas asperiores voluptatem esse.','1974-12-28 11:47:50','2020-02-07 14:03:13'),(94,14,54,'Magnam sint est ab occaecati. Earum suscipit ut fugit accusantium commodi libero. Tempora minus placeat ut qui et.','1973-12-02 23:12:53','2020-02-07 14:03:13'),(95,81,55,'Illum et tempore ut minima exercitationem. Delectus ab molestiae nemo repellat et doloremque eum. Libero molestias quis pariatur maiores. Aut magnam facilis vitae temporibus est enim voluptatum.','2009-07-30 00:01:59','2020-02-07 14:03:13'),(96,63,12,'Nesciunt architecto dolore officia officia temporibus voluptatem. Numquam est ex dolore at esse impedit. Aut et exercitationem accusamus adipisci autem omnis.','1973-08-08 03:36:59','2020-02-07 14:03:13'),(97,72,94,'Quia et ex molestiae ut. Sit quidem hic voluptas et minima. Dolores culpa culpa amet voluptatem non eligendi. Aut labore nam doloribus qui eum maxime et. A voluptatem distinctio consequatur ut.','1972-08-18 04:17:35','2020-02-07 14:03:13'),(98,71,35,'Ut exercitationem sint veniam fugit vero provident molestiae. Quibusdam est assumenda et ducimus.','2005-05-14 17:13:32','2020-02-07 14:03:13'),(99,36,91,'Inventore qui saepe sequi enim reiciendis vero omnis qui. Debitis corrupti laborum possimus.\nQui nisi placeat accusamus maxime. Quod hic commodi dolore repudiandae animi.','1975-10-26 21:45:10','2020-02-07 14:03:13'),(100,69,49,'Itaque sed vero recusandae accusantium minima optio. Culpa voluptatem blanditiis beatae est omnis reiciendis amet sit. Id quia sunt dolores voluptatem.','1973-06-30 05:54:35','2020-02-07 14:03:13');
/*!40000 ALTER TABLE `post` ENABLE KEYS */;
UNLOCK TABLES;

--
-- Table structure for table `profiles`
--

DROP TABLE IF EXISTS `profiles`;
/*!40101 SET @saved_cs_client     = @@character_set_client */;
/*!50503 SET character_set_client = utf8mb4 */;
CREATE TABLE `profiles` (
  `user_id` int unsigned NOT NULL,
  `birthdate` date DEFAULT NULL,
  `sex` char(1) CHARACTER SET utf8 COLLATE utf8_unicode_ci NOT NULL,
  `hometown` varchar(100) CHARACTER SET utf8 COLLATE utf8_unicode_ci DEFAULT NULL,
  `country` varchar(100) CHARACTER SET utf8 COLLATE utf8_unicode_ci DEFAULT NULL,
  `photo_id` int unsigned DEFAULT NULL,
  `created_at` datetime DEFAULT CURRENT_TIMESTAMP,
  `updated_at` datetime DEFAULT CURRENT_TIMESTAMP ON UPDATE CURRENT_TIMESTAMP
) ENGINE=InnoDB DEFAULT CHARSET=utf8 COLLATE=utf8_unicode_ci;
/*!40101 SET character_set_client = @saved_cs_client */;

--
-- Dumping data for table `profiles`
--

LOCK TABLES `profiles` WRITE;
/*!40000 ALTER TABLE `profiles` DISABLE KEYS */;
INSERT INTO `profiles` VALUES (67,'1981-01-21','f','Port Krista','Gabon',14,'1978-01-19 13:15:54','2020-02-07 13:44:08'),(90,'2009-09-27','m','South Rick','Malaysia',36,'2005-01-01 12:59:05','2020-02-07 13:44:08'),(48,'1999-10-06','m','East Eulah','Micronesia',98,'1979-03-26 08:21:16','2020-02-07 13:44:08'),(69,'2001-11-15','f','Kaleyhaven','Seychelles',79,'1971-07-15 19:11:11','2020-02-07 13:44:08'),(1,'2006-09-08','f','Darianside','Guinea-Bissau',85,'1974-05-19 15:49:24','2020-02-07 13:44:08'),(95,'2006-09-19','f','Westberg','Timor-Leste',52,'1977-12-28 06:08:03','2020-02-07 13:44:08'),(75,'1994-05-06','m','North Lamontberg','Hong Kong',90,'1984-05-12 23:12:39','2020-02-07 13:44:08'),(89,'2013-01-04','f','New Emmanuel','Zimbabwe',64,'1971-03-07 12:17:15','2020-02-07 13:44:08'),(17,'1989-07-15','f','Prosaccoton','Bermuda',65,'1982-10-01 20:45:05','2020-02-07 13:44:08'),(21,'1990-06-19','m','Svenmouth','Trinidad and Tobago',79,'1977-06-12 15:54:15','2020-02-07 13:44:08'),(51,'2007-01-24','m','Lake Granville','Uganda',10,'1981-08-20 17:20:57','2020-02-07 13:44:08'),(92,'1997-08-16','f','Bayerville','Malaysia',31,'1999-02-02 07:37:25','2020-02-07 13:44:08'),(5,'2006-10-30','f','West Markusport','Guadeloupe',97,'1989-07-02 06:15:40','2020-02-07 13:44:08'),(48,'2019-12-28','m','South Beatriceburgh','Jersey',63,'1972-12-09 19:12:03','2020-02-07 13:44:08'),(26,'2014-02-07','f','Lake Cristobal','Honduras',62,'1991-12-31 22:16:13','2020-02-07 13:44:08'),(85,'1987-03-04','f','McClurestad','Honduras',3,'2002-05-10 19:57:58','2020-02-07 13:44:08'),(46,'1980-02-22','f','South Huldaland','Tonga',10,'2005-04-18 07:37:21','2020-02-07 13:44:08'),(73,'2010-11-11','m','Luettgenfort','Iran',95,'1979-02-09 20:43:23','2020-02-07 13:44:08'),(29,'1979-07-15','m','North Merl','Namibia',99,'2006-10-06 15:23:17','2020-02-07 13:44:08'),(24,'1999-12-18','f','Lake Josieton','Panama',12,'1978-09-29 13:51:55','2020-02-07 13:44:08'),(33,'1987-01-12','f','Kellieville','Djibouti',98,'1979-12-16 17:33:37','2020-02-07 13:44:08'),(92,'1983-11-17','f','Eleazartown','Israel',21,'2002-06-20 12:29:27','2020-02-07 13:44:08'),(63,'2019-08-01','m','Kaylaville','Cambodia',17,'1993-05-07 03:36:49','2020-02-07 13:44:08'),(37,'2008-10-12','m','McCulloughview','Swaziland',66,'1970-08-04 13:34:08','2020-02-07 13:44:08'),(95,'2007-04-05','f','Port Tysonland','Netherlands Antilles',79,'1977-12-30 15:02:45','2020-02-07 13:44:08'),(64,'1983-08-22','f','Stokesborough','Japan',82,'1994-04-22 07:37:56','2020-02-07 13:44:08'),(35,'1996-01-04','m','Schambergerburgh','Australia',50,'2008-09-01 04:20:39','2020-02-07 13:44:08'),(83,'1975-12-14','f','West Isadoremouth','Botswana',16,'1979-05-23 05:33:26','2020-02-07 13:44:08'),(8,'2013-07-15','m','New Rollintown','Japan',86,'1997-03-07 22:33:05','2020-02-07 13:44:08'),(91,'2010-04-11','m','South Catherine','Sierra Leone',50,'1975-04-06 13:32:49','2020-02-07 13:44:08'),(31,'2002-06-21','m','Catherineville','Liechtenstein',84,'1988-01-01 19:19:31','2020-02-07 13:44:08'),(81,'1974-08-01','m','Elroyburgh','Denmark',49,'2013-03-05 23:53:10','2020-02-07 13:44:08'),(11,'1980-11-10','m','Effertzburgh','Iceland',30,'1991-06-14 19:16:10','2020-02-07 13:44:08'),(10,'2017-04-05','f','West Sean','Qatar',100,'1974-07-12 20:02:59','2020-02-07 13:44:08'),(18,'2017-03-01','m','South Halliehaven','China',77,'1985-01-03 04:27:58','2020-02-07 13:44:08'),(59,'1978-09-02','m','Beerborough','El Salvador',67,'2013-09-04 17:53:14','2020-02-07 13:44:08'),(42,'2008-08-01','f','Alizeton','Venezuela',19,'1980-12-26 12:56:32','2020-02-07 13:44:08'),(31,'2005-11-12','m','Farrellview','Tajikistan',60,'1983-04-27 11:08:44','2020-02-07 13:44:08'),(29,'2015-12-21','f','Cronamouth','Macao',26,'1980-12-20 09:20:23','2020-02-07 13:44:08'),(51,'1973-07-06','m','Adashire','Togo',6,'1973-04-05 20:16:59','2020-02-07 13:44:08'),(69,'1984-07-03','m','Ninatown','Ireland',92,'1986-10-31 19:53:46','2020-02-07 13:44:08'),(90,'1985-02-10','m','Abshiremouth','Wallis and Futuna',76,'1972-05-13 02:55:21','2020-02-07 13:44:08'),(44,'2011-06-13','m','Beerborough','Morocco',49,'1983-10-14 22:18:18','2020-02-07 13:44:08'),(48,'1985-08-16','f','Gretaville','Swaziland',70,'1998-01-10 09:40:40','2020-02-07 13:44:08'),(8,'1989-08-30','f','Port Brianahaven','Poland',67,'1970-06-05 01:56:07','2020-02-07 13:44:08'),(94,'2014-12-31','f','Timmyfort','Albania',68,'1977-10-04 14:07:50','2020-02-07 13:44:08'),(48,'1999-03-28','m','East Cieloland','Bangladesh',69,'1979-05-20 08:29:16','2020-02-07 13:44:08'),(56,'1980-02-23','f','South Jerod','Peru',89,'1972-12-02 13:14:59','2020-02-07 13:44:08'),(36,'1996-05-16','m','West Fredericchester','Sierra Leone',20,'1973-01-25 13:13:56','2020-02-07 13:44:08'),(9,'1983-07-21','f','Halvorsonport','Saint Helena',30,'1994-08-10 05:48:21','2020-02-07 13:44:08'),(40,'1984-01-03','m','Toyville','Bhutan',56,'1997-03-22 16:13:18','2020-02-07 13:44:08'),(73,'1973-04-08','f','South Vickiemouth','Honduras',95,'1970-10-16 19:25:14','2020-02-07 13:44:08'),(41,'1975-09-08','m','Port Taylorfort','Norfolk Island',78,'2000-08-12 14:00:39','2020-02-07 13:44:08'),(88,'2008-10-15','f','Doylefort','Kyrgyz Republic',38,'2002-10-18 01:49:21','2020-02-07 13:44:08'),(14,'1974-04-17','f','Petraville','Western Sahara',72,'1970-09-15 09:35:00','2020-02-07 13:44:08'),(7,'2009-08-13','m','East Ociefurt','Indonesia',83,'1998-08-22 19:43:19','2020-02-07 13:44:08'),(93,'1981-01-16','m','South Tyreseton','Belgium',41,'1986-02-08 15:34:44','2020-02-07 13:44:08'),(41,'1979-11-07','m','Boyerview','Bahamas',42,'1981-08-12 01:50:27','2020-02-07 13:44:08'),(28,'2011-05-13','m','Muhammadfurt','Gibraltar',11,'1970-06-17 23:35:45','2020-02-07 13:44:08'),(14,'2000-05-28','m','Lake Alizatown','Malawi',21,'1979-05-17 02:16:48','2020-02-07 13:44:08'),(87,'1980-03-29','m','Lake Magdalenville','Canada',21,'1971-07-22 13:25:00','2020-02-07 13:44:08'),(90,'1997-12-19','m','Weldonstad','Belarus',77,'1979-05-09 20:14:25','2020-02-07 13:44:08'),(91,'2019-04-23','m','Heathcoteview','India',62,'1994-10-21 09:26:50','2020-02-07 13:44:08'),(84,'2003-08-09','m','Domenickland','Gambia',89,'2003-12-27 12:24:51','2020-02-07 13:44:08'),(47,'1983-10-19','f','Satterfieldport','Aruba',39,'1998-12-19 05:03:31','2020-02-07 13:44:08'),(83,'1994-03-20','f','East Virginia','South Georgia and the South Sandwich Islands',93,'1982-01-29 06:25:45','2020-02-07 13:44:08'),(72,'2007-02-08','f','Douglasshire','Rwanda',13,'1998-10-05 19:00:22','2020-02-07 13:44:08'),(11,'1994-09-10','m','Bartfurt','Zimbabwe',52,'2012-04-23 09:03:43','2020-02-07 13:44:08'),(39,'1970-06-20','m','Lednershire','Montserrat',53,'2013-06-27 10:21:56','2020-02-07 13:44:08'),(62,'1996-04-22','m','New Sunny','Lesotho',51,'1973-11-24 21:12:14','2020-02-07 13:44:08'),(93,'1980-09-19','f','Darestad','Jersey',70,'1989-04-15 13:29:18','2020-02-07 13:44:08'),(77,'2008-03-15','f','Andersonmouth','Aruba',12,'1972-03-14 14:18:57','2020-02-07 13:44:08'),(5,'1989-03-24','f','East Miachester','Isle of Man',59,'1999-08-04 20:42:22','2020-02-07 13:44:08'),(94,'1983-11-25','f','New Charles','Sudan',50,'2013-11-20 11:50:29','2020-02-07 13:44:08'),(54,'1986-06-30','f','Lake Karsonview','Croatia',35,'1980-07-17 01:19:34','2020-02-07 13:44:08'),(90,'2002-04-27','f','Port Sandybury','Saint Lucia',42,'1996-07-05 18:02:54','2020-02-07 13:44:08'),(85,'1999-03-29','f','Irwintown','Albania',10,'1982-12-05 20:45:24','2020-02-07 13:44:08'),(57,'1976-10-09','f','Leorahaven','Liechtenstein',31,'1990-05-09 15:21:37','2020-02-07 13:44:08'),(27,'2012-08-28','f','Croninborough','Austria',12,'1971-07-07 15:43:01','2020-02-07 13:44:08'),(64,'2003-01-17','m','South Lora','French Southern Territories',65,'1995-09-08 13:59:38','2020-02-07 13:44:08'),(38,'1997-03-20','f','Fadelburgh','Argentina',12,'1990-04-27 21:55:56','2020-02-07 13:44:08'),(97,'2005-09-12','m','Howeberg','Guatemala',5,'1975-05-30 15:41:43','2020-02-07 13:44:08'),(73,'1979-01-19','f','North Mathildebury','Iran',99,'2000-09-26 12:42:26','2020-02-07 13:44:08'),(72,'1988-10-04','m','New Willow','United States Virgin Islands',19,'1990-03-04 10:56:02','2020-02-07 13:44:08'),(39,'1997-12-15','f','Stephanyport','Saint Helena',90,'1985-04-19 11:00:23','2020-02-07 13:44:08'),(81,'2003-06-02','m','Port Vanessahaven','Czech Republic',86,'1976-08-27 19:27:37','2020-02-07 13:44:08'),(85,'2004-05-19','f','Handbury','El Salvador',36,'2010-01-04 02:37:45','2020-02-07 13:44:08'),(82,'1990-12-06','m','Jarenchester','Tajikistan',17,'2000-10-31 00:08:24','2020-02-07 13:44:08'),(56,'2011-11-13','m','Olsonmouth','Korea',31,'1978-07-01 07:10:54','2020-02-07 13:44:08'),(33,'1978-01-04','f','Howeberg','Yemen',94,'2006-02-19 02:16:48','2020-02-07 13:44:08'),(96,'2003-07-20','m','Gunnarhaven','Grenada',29,'1978-05-03 17:27:29','2020-02-07 13:44:08'),(81,'2019-09-05','m','West Tysonmouth','Saudi Arabia',41,'1973-08-23 22:08:09','2020-02-07 13:44:08'),(15,'2010-06-21','f','South Kolbyview','Senegal',14,'1995-07-12 03:07:15','2020-02-07 13:44:08'),(33,'2014-11-14','f','South Kaela','Niger',13,'1993-10-10 02:08:38','2020-02-07 13:44:08'),(18,'1973-06-24','f','New Bridgetteview','Micronesia',61,'1975-03-22 06:27:15','2020-02-07 13:44:08'),(90,'1970-08-20','f','West Selmermouth','Venezuela',75,'1973-03-15 14:42:50','2020-02-07 13:44:08'),(96,'1994-02-11','f','South Geovany','Oman',5,'1997-01-31 10:44:36','2020-02-07 13:44:08'),(12,'2018-03-28','m','East Prestonchester','Tanzania',18,'2005-08-18 12:09:32','2020-02-07 13:44:08'),(69,'2003-08-09','f','Annetteview','Nepal',89,'2003-08-29 03:42:32','2020-02-07 13:44:08'),(11,'1974-03-17','m','East Tyrel','Guinea',22,'1983-09-14 14:41:00','2020-02-07 13:44:08');
/*!40000 ALTER TABLE `profiles` ENABLE KEYS */;
UNLOCK TABLES;

--
-- Table structure for table `users`
--

DROP TABLE IF EXISTS `users`;
/*!40101 SET @saved_cs_client     = @@character_set_client */;
/*!50503 SET character_set_client = utf8mb4 */;
CREATE TABLE `users` (
  `id` int unsigned NOT NULL AUTO_INCREMENT,
  `first_name` varchar(100) CHARACTER SET utf8 COLLATE utf8_unicode_ci NOT NULL,
  `last_name` varchar(100) CHARACTER SET utf8 COLLATE utf8_unicode_ci NOT NULL,
  `email` varchar(120) CHARACTER SET utf8 COLLATE utf8_unicode_ci NOT NULL,
  `phone` varchar(15) CHARACTER SET utf8 COLLATE utf8_unicode_ci NOT NULL,
  `password` varchar(15) CHARACTER SET utf8 COLLATE utf8_unicode_ci DEFAULT NULL,
  `created_at` datetime DEFAULT CURRENT_TIMESTAMP,
  `updated_at` datetime DEFAULT CURRENT_TIMESTAMP ON UPDATE CURRENT_TIMESTAMP,
  PRIMARY KEY (`id`),
  UNIQUE KEY `email` (`email`),
  UNIQUE KEY `phone` (`phone`)
) ENGINE=InnoDB AUTO_INCREMENT=101 DEFAULT CHARSET=utf8 COLLATE=utf8_unicode_ci;
/*!40101 SET character_set_client = @saved_cs_client */;

--
-- Dumping data for table `users`
--

LOCK TABLES `users` WRITE;
/*!40000 ALTER TABLE `users` DISABLE KEYS */;
INSERT INTO `users` VALUES (1,'Abagail','O\'Kon','lisa.bahringer@example.net','+95(3)011671572','cb6f565d0f71dac','1987-11-29 20:17:01','2020-02-06 11:53:26'),(2,'Keyshawn','Bergstrom','citlalli79@example.org','924.288.0018x13','f22f139d73a654f','2000-11-13 13:10:09','2020-02-06 11:53:26'),(3,'Dashawn','Conn','emmie.gerlach@example.org','1-452-372-6629x','3da89b7c51b2f6d','1970-10-13 21:03:57','1997-02-17 07:20:13'),(4,'Cortez','Koelpin','forest.beier@example.com','+00(4)584470515','ed033a9317116d0','1974-02-25 02:56:30','2017-12-27 21:36:25'),(5,'Hailie','Dooley','francisca.lind@example.net','1-838-727-9258x','41dc68164d1fd86','1971-04-21 06:21:51','1982-06-03 15:21:43'),(6,'Brittany','Muller','collin.kuphal@example.net','672-313-2371','e10260724a6c131','1997-05-06 06:34:51','2000-04-14 02:49:45'),(7,'Briana','Bayer','clittle@example.com','+30(0)884311043','70351e3a0377674','1989-02-05 15:43:02','2020-02-06 11:53:26'),(8,'Quentin','Casper','cbergnaum@example.net','1-731-699-7285','bfc28fcfbc64476','2009-07-13 11:46:57','2009-09-08 12:21:39'),(9,'Jordane','Raynor','emmitt40@example.net','566.598.7185','2a5e0936bd95b2a','1982-11-18 00:40:22','2016-04-29 14:19:33'),(10,'Ayla','Kovacek','elyse.kuhlman@example.net','1-376-872-5470x','2e971cac9897d1b','1972-06-24 05:46:13','2020-02-06 11:53:26'),(11,'Gillian','Gerlach','kassulke.clementina@example.org','+25(5)766953868','7fcc87a29fe0502','2013-12-26 05:39:37','2020-02-06 11:53:26'),(12,'Hailie','Runte','fhand@example.com','06945048080','71f213bce6782f1','1983-03-08 18:54:38','1985-10-04 10:43:22'),(13,'Augusta','Walker','tcarter@example.com','861.435.0624','669b5dc7ed30d67','2001-10-30 15:18:53','2020-02-06 11:53:26'),(14,'Laverna','Reinger','osinski.lillian@example.org','120-444-2113x91','8befc106befae76','1982-06-18 13:32:05','2020-02-06 11:53:26'),(15,'Rafael','Wiegand','kimberly.crona@example.com','924-388-5324x87','37ba9d5fa1dff15','1995-05-06 05:23:33','2020-02-06 11:53:26'),(16,'Lolita','Feeney','schultz.luigi@example.net','+85(4)391838737','7c8d9b247130549','2009-01-30 15:18:47','2010-07-26 16:35:19'),(17,'Coty','Quitzon','presley.bauch@example.com','316.275.3678','69d2f332241ef30','1985-03-29 17:47:04','2006-04-03 15:39:58'),(18,'Kendrick','Kautzer','dkovacek@example.com','07395587879','683f6ce2ce10ec9','1990-01-16 22:03:09','2020-02-06 11:53:26'),(19,'Elda','Kilback','pschowalter@example.com','00996407855','26a53220ee8801e','1995-07-03 01:01:35','2020-02-06 11:53:26'),(20,'Noelia','Veum','ufranecki@example.org','1-563-866-1053x','8e55166d842a4a4','2005-10-02 13:24:22','2020-02-06 11:53:26'),(21,'Annabelle','Zulauf','gabriel07@example.com','(028)278-7784x4','b79a4ebcd8fd6e2','1982-03-07 15:07:11','2015-05-18 10:44:13'),(22,'Lily','Koepp','fstreich@example.net','02922950211','f60c73b47899a58','1979-03-29 22:43:04','2020-02-06 11:53:26'),(23,'Ana','Larson','oweimann@example.com','(260)970-5595x5','5344c583f16fdc0','2009-01-15 01:22:32','2020-02-06 11:53:26'),(24,'Rogers','Kihn','dorothea.connelly@example.com','1-046-171-2244x','52c3f34b7fd4208','1980-09-26 14:59:32','2020-02-06 11:53:26'),(25,'Wilmer','Hilpert','stefan.keeling@example.com','465.911.6408x23','fbde11e0102c7c3','1975-09-04 01:51:18','1996-04-15 03:28:17'),(26,'Dan','Wilkinson','katherine.kautzer@example.net','070.731.8975','fa5234e7d3b65f9','1975-05-10 21:37:36','2020-02-06 11:53:26'),(27,'Aurelie','Carter','deion.quitzon@example.org','704-799-1508','90626434868d748','2016-06-06 14:04:21','2020-02-06 11:53:26'),(28,'Kali','Harvey','orlando59@example.net','08315276989','1c465d139651af8','1973-04-09 20:05:54','2020-02-06 11:53:26'),(29,'Sonny','Stracke','bradtke.betsy@example.net','809-981-9883x81','75d0a93e4d148c9','1995-02-20 13:49:06','2020-02-06 11:53:26'),(30,'Mylene','Kessler','ricardo.morar@example.com','135-180-3853','ce4e31795745e42','2004-09-01 22:04:16','2020-02-06 11:53:26'),(31,'Marian','Klocko','rebeka75@example.org','1-925-049-0821x','3ac82e5a6ce70bc','1981-01-21 04:51:15','1996-08-14 12:49:00'),(32,'Wendell','Steuber','ofelia50@example.com','+36(2)658637121','8810da14a2160b9','1984-08-27 01:28:46','2005-12-23 05:13:23'),(33,'Aracely','Wiza','simonis.tessie@example.net','1-544-636-0772','127661d3efc10d8','2004-10-22 20:07:09','2020-02-06 11:53:26'),(34,'Arnold','Casper','kuhic.katelyn@example.net','1-793-728-8044','6e08548bfa1887c','2009-03-15 08:23:19','2020-02-06 11:53:26'),(35,'Rosalee','Prosacco','hills.raven@example.net','151-923-2014','66c7e08df4c8651','1987-11-16 10:01:45','1997-03-23 23:27:38'),(36,'Buddy','Corwin','abeahan@example.org','(885)396-0869','3bae1fab1c3fca2','2000-09-12 21:19:09','2014-09-26 19:25:09'),(37,'German','Bins','jones.lorenz@example.net','08986588001','4ae8ef986ec4ab4','1979-09-12 12:50:13','2020-02-06 11:53:26'),(38,'Elsie','Waelchi','brian67@example.com','1-569-754-0005','2c5cabf0823c005','1994-05-21 05:59:13','2001-10-02 00:48:45'),(39,'Linnea','Pfeffer','wintheiser.aylin@example.org','(042)360-0915x8','d09142220ce15d4','1977-07-10 16:26:02','2002-01-03 02:29:21'),(40,'Frederique','Weimann','nabernathy@example.com','1-017-359-4378','e4c97c1775d8a55','1974-01-11 00:03:43','1990-05-23 07:36:21'),(41,'Lenora','Stokes','beatty.adriana@example.net','1-534-481-2993','36a6f82402392ed','1990-12-06 22:48:56','2020-02-06 11:53:26'),(42,'Annette','Konopelski','hank93@example.org','+55(8)149203551','740faab765b3c3d','1992-05-18 02:05:10','2020-02-06 11:53:26'),(43,'Adrianna','Marks','vmorar@example.com','309-222-5635','e79b294d818d6b1','1982-12-09 18:15:36','1995-03-20 06:21:49'),(44,'Lois','Pagac','wehner.krystel@example.com','410.145.7663','5030c8f11e51300','1985-12-31 11:56:35','2020-02-06 11:53:26'),(45,'Roscoe','Walker','paucek.madilyn@example.com','1-275-507-0445x','ee6d0a9dfca38f5','1982-02-03 00:58:43','2020-02-06 11:53:26'),(46,'Lupe','Littel','katrina.harvey@example.org','693.199.5221x38','7842c2d0142b241','1972-02-21 16:29:22','1986-10-16 22:09:19'),(47,'Cecilia','Bogisich','nstiedemann@example.com','592.968.6090','0a9179a77fc28b1','1987-05-08 03:22:00','2020-02-06 11:53:26'),(48,'Berenice','Walsh','ollie.halvorson@example.org','+45(5)724378621','ffca106e35942c3','1975-03-05 21:34:38','1984-08-10 02:31:08'),(49,'Gillian','Rutherford','skunde@example.org','919-798-2289x30','d91a11d06503f4c','1971-01-20 20:23:49','1986-08-31 20:16:06'),(50,'Jordy','Marvin','mateo57@example.com','+95(1)769548274','9ee894e3777ebe1','1972-05-30 22:56:04','1987-02-09 19:10:21'),(51,'Amy','O\'Hara','kkub@example.com','07792788937','cc933a77de5e52f','1991-05-20 23:07:58','2007-10-16 04:15:22'),(52,'Hailey','Streich','gaylord.tobin@example.org','(926)552-4250x7','725e6119a676c6f','2010-01-20 17:45:41','2020-02-06 11:53:26'),(53,'Natalie','Leuschke','jacques60@example.org','154-071-9204','e49c56165945a25','2003-07-20 15:21:06','2020-02-06 11:53:26'),(54,'Cordell','Morar','jaydon00@example.net','(447)674-0101x1','8f62b8892f34fe6','1971-08-29 16:53:38','2020-02-06 11:53:26'),(55,'Karelle','Mertz','friesen.lavern@example.com','695-243-3397','0d6c862f42724bd','1992-02-18 06:02:46','2020-02-06 11:53:26'),(56,'Madison','Erdman','fcummings@example.com','1-915-794-5054','040fa31eef4ec08','1973-06-20 19:22:24','1999-11-03 13:39:35'),(57,'Vella','Hauck','adrien.baumbach@example.com','210-661-7011x67','7b004c459813e42','1985-06-03 09:58:43','2020-02-06 11:53:26'),(58,'Jefferey','Zemlak','balistreri.alvah@example.com','166-620-6355','3c587fd204d9729','1976-05-10 15:26:38','2020-02-06 11:53:26'),(59,'Coty','Schamberger','karley50@example.com','+51(4)316654742','a04fdacbbe34469','1995-10-27 04:18:56','2020-02-06 11:53:26'),(60,'Adrianna','Mraz','ptorp@example.com','565.611.9267','50f9e3d58322530','1971-03-07 08:20:01','1988-12-30 22:30:52'),(61,'Marina','McLaughlin','wolf.claud@example.com','(310)330-1077x1','35d9427c4e375ac','1976-06-21 19:47:27','2020-02-06 11:53:26'),(62,'Genesis','Bergnaum','myron.block@example.com','(684)821-1009x0','18799ab18d88816','1977-04-30 13:27:28','2020-02-06 11:53:26'),(63,'Earl','Murazik','jenifer.crist@example.net','+50(1)096494518','546756c8c6e35f2','2000-11-15 10:58:48','2020-02-06 11:53:26'),(64,'Mossie','Pfannerstill','hodkiewicz.orion@example.com','203-762-3494x19','38785da34341d4e','1980-07-24 16:27:38','2020-02-06 11:53:26'),(65,'Wava','Heaney','flavio.jast@example.com','03147164338','cb3d0f94599e2bd','1973-03-23 10:48:56','1980-07-26 20:42:20'),(66,'Destin','Larson','fadel.rocio@example.org','646.960.7070x14','6af056d68340b82','1986-11-18 00:01:42','2020-02-06 11:53:26'),(67,'Liana','Hudson','muller.milan@example.org','670-360-1622','e685f075ad73585','1979-07-22 14:14:03','1989-06-20 22:57:55'),(68,'Maudie','Larkin','shields.alec@example.net','384-510-1914','febc977558fe3a9','1982-12-22 15:32:31','1998-08-09 07:43:05'),(69,'Lambert','Spencer','ntremblay@example.org','(486)729-9715','8c18c8f86daa647','1971-04-27 04:03:00','1988-10-15 19:19:44'),(70,'Janis','Koepp','aylin.waelchi@example.org','1-628-412-7427x','e9c805b8180a0ff','1977-05-18 20:33:45','2008-04-27 19:02:04'),(71,'Leslie','Hegmann','xtorp@example.net','(076)226-8304x2','4eb3b1fe1f4e811','2000-07-18 16:54:34','2008-03-26 16:18:23'),(72,'Rae','Johns','lynch.jamison@example.com','+13(6)404691991','db9f99295bedf42','1993-04-08 16:26:04','2020-02-06 11:53:26'),(73,'Krystel','Dickinson','evangeline36@example.net','1-284-483-0179','baa25609fe6caf5','2006-05-13 02:17:21','2020-02-06 11:53:26'),(74,'Linnie','Schamberger','mayert.bailee@example.net','(565)929-6817x6','1eaf02e2f185f02','1991-10-18 00:57:54','2002-11-19 17:37:58'),(75,'Jaime','Beatty','garrison27@example.org','(362)209-8789x8','5a1ed72578c24d0','1978-01-01 07:19:10','2020-02-06 11:53:26'),(76,'Anastasia','Frami','xconnelly@example.com','(007)974-1392x8','f1e5c738a95433d','1977-02-25 04:04:34','2020-02-06 11:53:26'),(77,'Margarette','Hamill','jgutmann@example.net','554-882-1660','89dfdb247d36526','1975-09-14 02:49:05','1996-04-09 20:20:16'),(78,'Katelyn','Lockman','xgleichner@example.org','02823549193','ec15955e9c0bb53','2007-07-27 18:08:19','2011-10-02 17:11:47'),(79,'Fermin','Rolfson','legros.jarvis@example.org','1-149-313-6598','d2e09f9ba6fee87','1971-02-25 01:34:20','2020-02-06 11:53:26'),(80,'Modesto','Luettgen','marielle05@example.net','034-345-0027x00','190d2f16a3fb906','1978-03-11 02:02:14','2020-02-06 11:53:26'),(81,'Larue','Nolan','sherwood66@example.net','1-192-127-0078x','4b85200e0601179','1975-09-04 06:18:57','1989-01-17 12:58:49'),(82,'Penelope','Haley','elmore.strosin@example.com','492.917.0021x05','d542649dc56921a','2000-05-22 23:30:50','2015-08-15 23:53:52'),(83,'Randi','Moore','antonietta70@example.org','108.715.3756','3446ff0c7bb2c4f','1971-08-16 19:44:18','2020-02-06 11:53:26'),(84,'Marion','Weimann','leo27@example.com','548-046-2563x98','c2357e184ee8fe0','1985-03-24 07:34:50','2020-02-06 11:53:26'),(85,'Boris','Boehm','vhamill@example.net','1-311-993-1337','f3859d46b26ff23','1992-09-19 22:29:18','2004-12-08 03:21:01'),(86,'Monserrat','Stehr','qlang@example.net','(071)623-4904','c030a6651f44f91','1981-02-18 19:35:46','1989-11-07 01:09:58'),(87,'Craig','Hilpert','abner26@example.net','1-960-284-9058','e6f7407947acda7','2003-09-25 01:56:54','2020-02-06 11:53:26'),(88,'Verna','Wuckert','seth21@example.net','(268)839-0094','96038040ef0bbb1','1981-06-26 08:37:05','2020-02-06 11:53:26'),(89,'Isidro','Berge','stephan.stamm@example.org','1-275-024-5024','6640217d6ee575b','2005-07-24 11:23:11','2020-02-06 11:53:26'),(90,'Abbigail','Jast','armstrong.benton@example.net','426.425.5345x77','3ee7547c85b2cbb','1997-07-17 15:52:48','2020-02-06 11:53:26'),(91,'Elroy','Thiel','stephan53@example.net','1-515-005-6119','28b1e01f6a270ec','2015-02-27 01:13:50','2020-02-06 11:53:26'),(92,'Meta','Langosh','greenholt.esperanza@example.net','1-037-495-2622x','6c9fe7f0ec6ad33','1976-10-14 11:06:48','1992-12-19 05:15:01'),(93,'Donald','Macejkovic','alexandro09@example.net','1-078-524-1578','41431f167bf772b','1970-08-20 06:41:39','2020-02-06 11:53:26'),(94,'Maureen','Kub','hobart.barton@example.net','(362)741-1214x0','56ee5aeed4e761d','1970-02-08 10:04:37','1985-07-04 13:13:11'),(95,'Stanford','Weimann','audrey.connelly@example.org','08453210445','50a589d3713d112','1983-04-05 17:48:21','2020-02-06 11:53:26'),(96,'Buster','Predovic','milo21@example.com','1-341-664-4930x','aea0df5d9c84228','1991-05-02 17:55:25','2002-01-16 00:51:29'),(97,'Eladio','Schmitt','qherman@example.com','541-570-9486','79da3118ca9b27e','1972-11-13 07:48:45','1986-07-09 16:59:32'),(98,'Isom','Grady','plehner@example.com','1-331-846-8750','035c024df0e084c','1971-10-24 12:47:49','2020-02-06 11:53:26'),(99,'Kirk','Hettinger','vhilll@example.org','+42(7)948143822','091239ae9e4e49e','1978-10-13 15:55:39','2020-02-06 11:53:26'),(100,'Dolores','Gulgowski','raymundo98@example.org','066-984-4707','77a3ec0e597aa7f','1977-08-01 02:22:42','2014-03-28 02:03:02');
/*!40000 ALTER TABLE `users` ENABLE KEYS */;
UNLOCK TABLES;

--
-- Dumping routines for database 'vk'
--
/*!40103 SET TIME_ZONE=@OLD_TIME_ZONE */;

/*!40101 SET SQL_MODE=@OLD_SQL_MODE */;
/*!40014 SET FOREIGN_KEY_CHECKS=@OLD_FOREIGN_KEY_CHECKS */;
/*!40014 SET UNIQUE_CHECKS=@OLD_UNIQUE_CHECKS */;
/*!40101 SET CHARACTER_SET_CLIENT=@OLD_CHARACTER_SET_CLIENT */;
/*!40101 SET CHARACTER_SET_RESULTS=@OLD_CHARACTER_SET_RESULTS */;
/*!40101 SET COLLATION_CONNECTION=@OLD_COLLATION_CONNECTION */;
/*!40111 SET SQL_NOTES=@OLD_SQL_NOTES */;

-- Dump completed on 2020-02-07 14:37:24
